TradeID,Currency,Subsidiary,Counterparty,Notional,Direction,Maturity_Days,Type,Trade_Date,Exposure,Hedgeable,Hedge_Limit
1,AUDUSD,Americas,BankC,35209923.99,Long,304,Swap,2024-01-01,35209923.99,0.0,100000000
2,EURUSD,UK,BankB,27268721.95,Short,117,Spot,2024-01-01,-27268721.95,0.0,100000000
3,AUDUSD,UK,BankB,16166853.2,Long,221,Spot,2024-01-01,16166853.2,0.0,100000000
4,JPYUSD,Americas,BankC,40875955.97,Long,154,Forward,2024-01-02,40875955.97,0.0,100000000
5,AUDUSD,Americas,BankC,34551827.46,Long,153,Forward,2024-01-02,34551827.46,0.0,100000000
6,CADUSD,Asia,BankA,8968230.03,Short,12,Forward,2024-01-02,-8968230.03,-7174584.024,100000000
7,CADUSD,Europe,BankC,45635432.04,Long,133,Spot,2024-01-03,45635432.04,0.0,100000000
8,AUDUSD,UK,BankC,41304324.9,Long,304,Spot,2024-01-03,41304324.9,0.0,100000000
9,EURUSD,Americas,BankC,47540195.75,Long,293,Forward,2024-01-03,47540195.75,0.0,100000000
10,EURUSD,UK,BankA,36560255.91,Short,300,Spot,2024-01-04,-36560255.91,0.0,100000000
11,EURUSD,UK,BankC,31057344.6,Long,228,Forward,2024-01-04,31057344.6,0.0,100000000
12,AUDUSD,Americas,BankC,21493908.78,Long,271,Forward,2024-01-04,21493908.78,0.0,100000000
13,EURUSD,Asia,BankA,46703695.68,Long,43,Forward,2024-01-05,46703695.68,37362956.544,100000000
14,JPYUSD,UK,BankC,43437130.59,Long,343,Forward,2024-01-05,43437130.59,0.0,100000000
15,CADUSD,Asia,BankC,3215714.84,Short,326,Swap,2024-01-05,-3215714.84,0.0,100000000
16,JPYUSD,Americas,BankA,2291981.75,Long,302,Forward,2024-01-06,2291981.75,0.0,100000000
17,EURUSD,Europe,BankB,19446704.98,Short,364,Forward,2024-01-06,-19446704.98,0.0,100000000
18,JPYUSD,Europe,BankA,40717113.21,Short,21,Forward,2024-01-06,-40717113.21,-32573690.568000004,100000000
19,EURUSD,UK,BankC,49376530.34,Short,107,Spot,2024-01-07,-49376530.34,0.0,100000000
20,AUDUSD,Americas,BankC,8370427.66,Long,336,Spot,2024-01-07,8370427.66,0.0,100000000
21,JPYUSD,Asia,BankC,30112405.05,Short,303,Spot,2024-01-07,-30112405.05,0.0,100000000
22,AUDUSD,UK,BankA,19663651.97,Long,117,Forward,2024-01-08,19663651.97,0.0,100000000
23,AUDUSD,Americas,BankC,48525805.49,Short,124,Forward,2024-01-08,-48525805.49,0.0,100000000
24,GBPUSD,Americas,BankC,42263827.23,Short,281,Swap,2024-01-08,-42263827.23,0.0,100000000
25,EURUSD,Asia,BankA,42078106.53,Short,292,Spot,2024-01-09,-42078106.53,0.0,100000000
26,CADUSD,UK,BankB,23965964.83,Short,203,Spot,2024-01-09,-23965964.83,0.0,100000000
27,EURUSD,Americas,BankB,21326155.61,Short,51,Swap,2024-01-09,-21326155.61,-17060924.488,100000000
28,CADUSD,Americas,BankC,14396946.52,Short,271,Spot,2024-01-10,-14396946.52,0.0,100000000
29,EURUSD,Americas,BankA,3762399.34,Short,324,Forward,2024-01-10,-3762399.34,0.0,100000000
30,AUDUSD,Asia,BankC,43371396.44,Short,277,Forward,2024-01-10,-43371396.44,0.0,100000000
31,JPYUSD,UK,BankA,40832149.45,Long,141,Forward,2024-01-11,40832149.45,0.0,100000000
32,JPYUSD,UK,BankA,49986165.99,Long,275,Spot,2024-01-11,49986165.99,0.0,100000000
33,GBPUSD,UK,BankB,49835205.02,Short,290,Spot,2024-01-11,-49835205.02,0.0,100000000
34,CADUSD,UK,BankB,28216153.57,Short,334,Spot,2024-01-12,-28216153.57,0.0,100000000
35,CADUSD,Europe,BankA,38680383.34,Short,52,Forward,2024-01-12,-38680383.34,-30944306.672000006,100000000
36,CADUSD,Europe,BankC,47293520.76,Long,27,Forward,2024-01-12,47293520.76,37834816.608,100000000
37,AUDUSD,UK,BankB,42632722.14,Short,157,Spot,2024-01-13,-42632722.14,0.0,100000000
38,CADUSD,Asia,BankC,13120056.99,Long,239,Forward,2024-01-13,13120056.99,0.0,100000000
39,JPYUSD,Europe,BankB,23076662.63,Long,156,Swap,2024-01-13,23076662.63,0.0,100000000
40,AUDUSD,Americas,BankB,7328811.34,Long,291,Spot,2024-01-14,7328811.34,0.0,100000000
41,EURUSD,Europe,BankC,47748500.34,Long,136,Forward,2024-01-14,47748500.34,0.0,100000000
42,CADUSD,Americas,BankB,30702557.09,Long,144,Forward,2024-01-14,30702557.09,0.0,100000000
43,CADUSD,UK,BankB,12203497.47,Short,106,Spot,2024-01-15,-12203497.47,0.0,100000000
44,EURUSD,Europe,BankC,33913333.54,Short,158,Spot,2024-01-15,-33913333.54,0.0,100000000
45,CADUSD,Asia,BankB,31288283.78,Short,146,Forward,2024-01-15,-31288283.78,0.0,100000000
46,EURUSD,Europe,BankB,18549973.18,Short,2,Swap,2024-01-16,-18549973.18,-14839978.544,100000000
47,AUDUSD,Europe,BankB,6564322.02,Short,77,Swap,2024-01-16,-6564322.02,-5251457.616,100000000
48,JPYUSD,Europe,BankC,33907086.58,Long,132,Forward,2024-01-16,33907086.58,0.0,100000000
49,EURUSD,UK,BankA,26495077.34,Short,90,Forward,2024-01-17,-26495077.34,0.0,100000000
50,GBPUSD,Asia,BankC,38843601.2,Short,345,Spot,2024-01-17,-38843601.2,0.0,100000000
51,EURUSD,Europe,BankA,26488011.55,Long,350,Forward,2024-01-17,26488011.55,0.0,100000000
52,CADUSD,Asia,BankB,42756893.52,Short,263,Forward,2024-01-18,-42756893.52,0.0,100000000
53,AUDUSD,UK,BankA,28043435.1,Long,351,Spot,2024-01-18,28043435.1,0.0,100000000
54,AUDUSD,Americas,BankC,28485960.61,Short,108,Forward,2024-01-18,-28485960.61,0.0,100000000
55,EURUSD,Europe,BankC,43956026.53,Long,74,Forward,2024-01-19,43956026.53,35164821.224,100000000
56,JPYUSD,Asia,BankB,20770660.44,Short,39,Spot,2024-01-19,-20770660.44,-16616528.352000002,100000000
57,GBPUSD,Asia,BankA,7566746.19,Short,159,Swap,2024-01-19,-7566746.19,0.0,100000000
58,AUDUSD,UK,BankB,2410351.14,Long,71,Spot,2024-01-20,2410351.14,1928280.9120000002,100000000
59,CADUSD,Europe,BankB,38001725.53,Long,312,Spot,2024-01-20,38001725.53,0.0,100000000
60,CADUSD,Americas,BankC,31395168.02,Long,241,Spot,2024-01-20,31395168.02,0.0,100000000
61,JPYUSD,Asia,BankA,35499908.64,Long,298,Forward,2024-01-21,35499908.64,0.0,100000000
62,AUDUSD,Europe,BankA,11435243.91,Long,36,Forward,2024-01-21,11435243.91,9148195.128,100000000
63,EURUSD,Americas,BankA,7682202.3,Long,84,Spot,2024-01-21,7682202.3,6145761.84,100000000
64,CADUSD,Asia,BankA,1712688.62,Long,263,Forward,2024-01-22,1712688.62,0.0,100000000
65,JPYUSD,Asia,BankB,18178790.38,Long,310,Spot,2024-01-22,18178790.38,0.0,100000000
66,AUDUSD,Americas,BankB,29905966.66,Short,172,Forward,2024-01-22,-29905966.66,0.0,100000000
67,AUDUSD,Americas,BankC,20219958.21,Short,173,Forward,2024-01-23,-20219958.21,0.0,100000000
68,AUDUSD,UK,BankB,22436271.18,Long,362,Forward,2024-01-23,22436271.18,0.0,100000000
69,AUDUSD,Europe,BankB,45303776.03,Short,47,Swap,2024-01-23,-45303776.03,-36243020.824,100000000
70,AUDUSD,Europe,BankC,18064517.88,Short,141,Spot,2024-01-24,-18064517.88,0.0,100000000
71,CADUSD,UK,BankC,26185484.97,Short,118,Spot,2024-01-24,-26185484.97,0.0,100000000
72,JPYUSD,Asia,BankC,39398997.62,Short,277,Forward,2024-01-24,-39398997.62,0.0,100000000
73,AUDUSD,Americas,BankB,20430596.33,Long,214,Swap,2024-01-25,20430596.33,0.0,100000000
74,GBPUSD,Americas,BankB,31482248.31,Short,220,Spot,2024-01-25,-31482248.31,0.0,100000000
75,GBPUSD,Americas,BankC,43255821.73,Long,26,Spot,2024-01-25,43255821.73,34604657.383999996,100000000
76,JPYUSD,Asia,BankC,47526510.56,Short,9,Spot,2024-01-26,-47526510.56,-38021208.44800001,100000000
77,EURUSD,Americas,BankC,8206600.57,Short,271,Forward,2024-01-26,-8206600.57,0.0,100000000
78,EURUSD,Americas,BankB,46402793.63,Short,10,Spot,2024-01-26,-46402793.63,-37122234.90400001,100000000
79,EURUSD,UK,BankB,25113698.36,Long,121,Forward,2024-01-27,25113698.36,0.0,100000000
80,GBPUSD,Asia,BankA,13653975.03,Short,125,Swap,2024-01-27,-13653975.03,0.0,100000000
81,EURUSD,Europe,BankB,23497652.06,Long,170,Forward,2024-01-27,23497652.06,0.0,100000000
82,CADUSD,UK,BankB,49021596.19,Short,72,Spot,2024-01-28,-49021596.19,-39217276.952,100000000
83,AUDUSD,UK,BankB,25138286.61,Long,152,Forward,2024-01-28,25138286.61,0.0,100000000
84,GBPUSD,Europe,BankC,17108828.9,Short,208,Spot,2024-01-28,-17108828.9,0.0,100000000
85,JPYUSD,UK,BankB,32036641.86,Long,49,Swap,2024-01-29,32036641.86,25629313.488,100000000
86,JPYUSD,Asia,BankC,12767135.32,Long,154,Forward,2024-01-29,12767135.32,0.0,100000000
87,AUDUSD,Americas,BankA,4717303.08,Short,347,Spot,2024-01-29,-4717303.08,0.0,100000000
88,GBPUSD,Asia,BankA,7315106.37,Long,293,Forward,2024-01-30,7315106.37,0.0,100000000
89,EURUSD,Europe,BankC,7274246.11,Short,68,Forward,2024-01-30,-7274246.11,-5819396.888,100000000
90,EURUSD,Europe,BankC,8443231.98,Short,50,Forward,2024-01-30,-8443231.98,-6754585.584000001,100000000
91,CADUSD,UK,BankC,7802531.46,Short,152,Spot,2024-01-31,-7802531.46,0.0,100000000
92,CADUSD,Asia,BankB,32402862.5,Short,19,Swap,2024-01-31,-32402862.5,-25922290.0,100000000
93,EURUSD,Asia,BankA,9912124.14,Short,100,Swap,2024-01-31,-9912124.14,0.0,100000000
94,JPYUSD,Europe,BankC,17937696.88,Short,60,Forward,2024-02-01,-17937696.88,-14350157.504,100000000
95,JPYUSD,Asia,BankB,44942632.09,Short,167,Swap,2024-02-01,-44942632.09,0.0,100000000
96,CADUSD,Europe,BankA,24224120.37,Short,202,Spot,2024-02-01,-24224120.37,0.0,100000000
97,AUDUSD,Asia,BankB,33710329.19,Short,345,Forward,2024-02-02,-33710329.19,0.0,100000000
98,EURUSD,Asia,BankA,9443673.69,Short,146,Forward,2024-02-02,-9443673.69,0.0,100000000
99,CADUSD,Asia,BankB,10422161.92,Short,164,Forward,2024-02-02,-10422161.92,0.0,100000000
100,CADUSD,Europe,BankA,3002562.2,Long,242,Forward,2024-02-03,3002562.2,0.0,100000000
101,EURUSD,UK,BankA,9277818.09,Long,69,Spot,2024-02-03,9277818.09,7422254.472,100000000
102,EURUSD,Asia,BankB,14650926.61,Short,175,Spot,2024-02-03,-14650926.61,0.0,100000000
103,JPYUSD,Europe,BankC,9673513.73,Short,49,Spot,2024-02-04,-9673513.73,-7738810.984000001,100000000
104,AUDUSD,Europe,BankA,5346424.15,Short,108,Spot,2024-02-04,-5346424.15,0.0,100000000
105,AUDUSD,Asia,BankC,6911157.68,Short,226,Forward,2024-02-04,-6911157.68,0.0,100000000
106,EURUSD,Asia,BankB,23578159.63,Short,161,Spot,2024-02-05,-23578159.63,0.0,100000000
107,GBPUSD,UK,BankC,11110352.2,Short,119,Spot,2024-02-05,-11110352.2,0.0,100000000
108,CADUSD,Europe,BankC,18849223.19,Short,149,Forward,2024-02-05,-18849223.19,0.0,100000000
109,CADUSD,Europe,BankC,25667446.27,Short,150,Forward,2024-02-06,-25667446.27,0.0,100000000
110,EURUSD,Americas,BankC,34829346.6,Long,293,Swap,2024-02-06,34829346.6,0.0,100000000
111,GBPUSD,Europe,BankC,2926294.85,Short,143,Forward,2024-02-06,-2926294.85,0.0,100000000
112,JPYUSD,UK,BankA,40171109.55,Long,160,Spot,2024-02-07,40171109.55,0.0,100000000
113,EURUSD,Americas,BankA,31767119.09,Short,11,Swap,2024-02-07,-31767119.09,-25413695.272,100000000
114,EURUSD,Americas,BankA,5006192.57,Short,138,Forward,2024-02-07,-5006192.57,0.0,100000000
115,CADUSD,Americas,BankB,43805352.58,Long,78,Spot,2024-02-08,43805352.58,35044282.064,100000000
116,EURUSD,Asia,BankC,46122747.63,Short,77,Forward,2024-02-08,-46122747.63,-36898198.104,100000000
117,EURUSD,Asia,BankA,3992820.03,Long,254,Swap,2024-02-08,3992820.03,0.0,100000000
118,EURUSD,Europe,BankB,14567004.76,Short,258,Spot,2024-02-09,-14567004.76,0.0,100000000
119,CADUSD,Americas,BankA,40503862.71,Short,320,Spot,2024-02-09,-40503862.71,0.0,100000000
120,JPYUSD,UK,BankA,37664724.83,Long,291,Spot,2024-02-09,37664724.83,0.0,100000000
121,JPYUSD,Asia,BankC,10041529.95,Short,263,Spot,2024-02-10,-10041529.95,0.0,100000000
122,EURUSD,UK,BankB,11258116.84,Long,85,Forward,2024-02-10,11258116.84,9006493.472000001,100000000
123,CADUSD,UK,BankC,19153133.04,Short,146,Forward,2024-02-10,-19153133.04,0.0,100000000
124,JPYUSD,Asia,BankC,24741626.27,Long,323,Spot,2024-02-11,24741626.27,0.0,100000000
125,JPYUSD,Asia,BankA,31294483.8,Long,42,Swap,2024-02-11,31294483.8,25035587.040000003,100000000
126,JPYUSD,Asia,BankC,19076768.34,Short,125,Forward,2024-02-11,-19076768.34,0.0,100000000
127,CADUSD,Asia,BankB,23664201.09,Short,167,Forward,2024-02-12,-23664201.09,0.0,100000000
128,CADUSD,Americas,BankC,37626075.97,Long,241,Swap,2024-02-12,37626075.97,0.0,100000000
129,EURUSD,Americas,BankC,2797476.94,Short,280,Spot,2024-02-12,-2797476.94,0.0,100000000
130,AUDUSD,Americas,BankC,13369410.27,Short,188,Forward,2024-02-13,-13369410.27,0.0,100000000
131,JPYUSD,Americas,BankA,35954129.71,Short,302,Forward,2024-02-13,-35954129.71,0.0,100000000
132,AUDUSD,Europe,BankB,44865135.05,Long,19,Swap,2024-02-13,44865135.05,35892108.04,100000000
133,CADUSD,Americas,BankA,26072194.66,Long,68,Forward,2024-02-14,26072194.66,20857755.728,100000000
134,CADUSD,Asia,BankA,27073560.78,Long,218,Spot,2024-02-14,27073560.78,0.0,100000000
135,CADUSD,UK,BankA,6251428.56,Long,102,Swap,2024-02-14,6251428.56,0.0,100000000
136,AUDUSD,Americas,BankA,22923205.97,Long,42,Spot,2024-02-15,22923205.97,18338564.776,100000000
137,CADUSD,Europe,BankA,27098246.06,Long,288,Swap,2024-02-15,27098246.06,0.0,100000000
138,EURUSD,Asia,BankB,12881054.68,Long,167,Swap,2024-02-15,12881054.68,0.0,100000000
139,CADUSD,UK,BankC,14192918.32,Long,109,Spot,2024-02-16,14192918.32,0.0,100000000
140,GBPUSD,UK,BankA,19486923.99,Long,36,Forward,2024-02-16,19486923.99,15589539.192,100000000
141,AUDUSD,Americas,BankA,1983488.69,Short,232,Spot,2024-02-16,-1983488.69,0.0,100000000
142,GBPUSD,UK,BankB,16781879.11,Long,229,Forward,2024-02-17,16781879.11,0.0,100000000
143,CADUSD,Americas,BankB,11360952.34,Short,353,Forward,2024-02-17,-11360952.34,0.0,100000000
144,EURUSD,Americas,BankC,17047370.26,Short,164,Forward,2024-02-17,-17047370.26,0.0,100000000
145,JPYUSD,Asia,BankB,6868344.46,Short,73,Swap,2024-02-18,-6868344.46,-5494675.568,100000000
146,CADUSD,Asia,BankC,44635836.76,Long,136,Forward,2024-02-18,44635836.76,0.0,100000000
147,EURUSD,Europe,BankA,30086030.22,Long,353,Forward,2024-02-18,30086030.22,0.0,100000000
148,AUDUSD,Asia,BankA,34276013.64,Long,70,Swap,2024-02-19,34276013.64,27420810.912,100000000
149,GBPUSD,Asia,BankC,39669390.69,Long,196,Swap,2024-02-19,39669390.69,0.0,100000000
150,GBPUSD,Americas,BankB,25423667.75,Short,269,Spot,2024-02-19,-25423667.75,0.0,100000000
151,GBPUSD,Asia,BankC,5259094.12,Long,49,Swap,2024-02-20,5259094.12,4207275.296,100000000
152,AUDUSD,Americas,BankB,27318220.55,Long,316,Spot,2024-02-20,27318220.55,0.0,100000000
153,EURUSD,Americas,BankA,29755214.78,Long,130,Swap,2024-02-20,29755214.78,0.0,100000000
154,AUDUSD,Asia,BankB,37526534.24,Long,5,Spot,2024-02-21,37526534.24,30021227.392000005,100000000
155,GBPUSD,Europe,BankC,22151317.77,Long,27,Spot,2024-02-21,22151317.77,17721054.216000002,100000000
156,CADUSD,Europe,BankC,7251434.84,Short,160,Forward,2024-02-21,-7251434.84,0.0,100000000
157,JPYUSD,UK,BankA,14905019.38,Long,149,Forward,2024-02-22,14905019.38,0.0,100000000
158,AUDUSD,UK,BankB,18791032.52,Short,264,Spot,2024-02-22,-18791032.52,0.0,100000000
159,AUDUSD,Asia,BankB,32649944.83,Long,230,Spot,2024-02-22,32649944.83,0.0,100000000
160,EURUSD,Europe,BankB,28968136.93,Short,200,Forward,2024-02-23,-28968136.93,0.0,100000000
161,EURUSD,Americas,BankA,18448739.57,Long,50,Swap,2024-02-23,18448739.57,14758991.656000001,100000000
162,AUDUSD,UK,BankB,49339247.19,Long,67,Spot,2024-02-23,49339247.19,39471397.752,100000000
163,GBPUSD,Americas,BankC,30682966.15,Short,300,Spot,2024-02-24,-30682966.15,0.0,100000000
164,JPYUSD,UK,BankB,12624112.8,Short,58,Forward,2024-02-24,-12624112.8,-10099290.240000002,100000000
165,EURUSD,Asia,BankA,5987341.16,Short,259,Spot,2024-02-24,-5987341.16,0.0,100000000
166,GBPUSD,Europe,BankB,8490097.82,Long,342,Swap,2024-02-25,8490097.82,0.0,100000000
167,CADUSD,UK,BankB,13051928.69,Short,326,Swap,2024-02-25,-13051928.69,0.0,100000000
168,EURUSD,Europe,BankC,8873387.29,Long,130,Forward,2024-02-25,8873387.29,0.0,100000000
169,GBPUSD,Americas,BankB,10141784.18,Long,215,Spot,2024-02-26,10141784.18,0.0,100000000
170,GBPUSD,Asia,BankC,14969663.27,Short,172,Forward,2024-02-26,-14969663.27,0.0,100000000
171,JPYUSD,Europe,BankC,9495306.17,Short,258,Forward,2024-02-26,-9495306.17,0.0,100000000
172,JPYUSD,Asia,BankA,44941505.81,Long,102,Swap,2024-02-27,44941505.81,0.0,100000000
173,CADUSD,Europe,BankC,4931453.54,Long,209,Forward,2024-02-27,4931453.54,0.0,100000000
174,GBPUSD,Americas,BankC,26701058.09,Short,291,Forward,2024-02-27,-26701058.09,0.0,100000000
175,GBPUSD,Americas,BankA,21109444.52,Short,354,Forward,2024-02-28,-21109444.52,0.0,100000000
176,JPYUSD,Asia,BankC,49136552.23,Short,286,Forward,2024-02-28,-49136552.23,0.0,100000000
177,EURUSD,Americas,BankA,6489906.21,Long,116,Swap,2024-02-28,6489906.21,0.0,100000000
178,EURUSD,UK,BankB,20494924.35,Long,264,Forward,2024-02-29,20494924.35,0.0,100000000
179,AUDUSD,Europe,BankA,48504051.23,Long,150,Forward,2024-02-29,48504051.23,0.0,100000000
180,JPYUSD,Americas,BankC,43409849.17,Long,300,Spot,2024-02-29,43409849.17,0.0,100000000
181,AUDUSD,UK,BankA,41036531.48,Long,36,Forward,2024-03-01,41036531.48,32829225.184,100000000
182,JPYUSD,Asia,BankC,13637238.53,Long,333,Forward,2024-03-01,13637238.53,0.0,100000000
183,CADUSD,UK,BankB,9373491.78,Short,287,Spot,2024-03-01,-9373491.78,0.0,100000000
184,GBPUSD,Asia,BankA,33763517.78,Long,303,Spot,2024-03-02,33763517.78,0.0,100000000
185,CADUSD,Asia,BankB,46539423.47,Long,311,Forward,2024-03-02,46539423.47,0.0,100000000
186,JPYUSD,Europe,BankC,28281381.76,Long,208,Forward,2024-03-02,28281381.76,0.0,100000000
187,GBPUSD,Europe,BankC,29009021.78,Short,106,Forward,2024-03-03,-29009021.78,0.0,100000000
188,EURUSD,UK,BankB,14718975.59,Long,158,Spot,2024-03-03,14718975.59,0.0,100000000
189,EURUSD,Europe,BankA,38705153.73,Long,121,Forward,2024-03-03,38705153.73,0.0,100000000
190,AUDUSD,Europe,BankA,10165143.68,Short,55,Spot,2024-03-04,-10165143.68,-8132114.944,100000000
191,JPYUSD,Europe,BankC,16860282.58,Long,12,Forward,2024-03-04,16860282.58,13488226.064,100000000
192,JPYUSD,UK,BankB,21846385.49,Long,145,Spot,2024-03-04,21846385.49,0.0,100000000
193,EURUSD,Americas,BankB,25872908.56,Long,136,Spot,2024-03-05,25872908.56,0.0,100000000
194,CADUSD,Europe,BankA,12878076.89,Long,3,Spot,2024-03-05,12878076.89,10302461.512000002,100000000
195,GBPUSD,Europe,BankA,6627004.41,Long,144,Spot,2024-03-05,6627004.41,0.0,100000000
196,CADUSD,UK,BankA,30920382.08,Short,30,Spot,2024-03-06,-30920382.08,-24736305.664,100000000
197,CADUSD,Americas,BankB,15142897.11,Short,237,Spot,2024-03-06,-15142897.11,0.0,100000000
198,EURUSD,Europe,BankA,29480672.85,Short,279,Forward,2024-03-06,-29480672.85,0.0,100000000
199,EURUSD,Asia,BankA,8563773.05,Long,348,Forward,2024-03-07,8563773.05,0.0,100000000
200,EURUSD,UK,BankC,24575864.99,Long,115,Spot,2024-03-07,24575864.99,0.0,100000000
201,AUDUSD,Europe,BankA,27096882.2,Long,104,Swap,2024-03-07,27096882.2,0.0,100000000
202,CADUSD,Europe,BankA,3539353.3,Short,118,Spot,2024-03-08,-3539353.3,0.0,100000000
203,JPYUSD,Asia,BankB,17493609.63,Long,5,Forward,2024-03-08,17493609.63,13994887.704,100000000
204,GBPUSD,Asia,BankB,7586319.17,Long,360,Spot,2024-03-08,7586319.17,0.0,100000000
205,AUDUSD,UK,BankC,4105373.55,Short,248,Spot,2024-03-09,-4105373.55,0.0,100000000
206,JPYUSD,UK,BankA,49508051.39,Long,364,Forward,2024-03-09,49508051.39,0.0,100000000
207,CADUSD,Asia,BankC,16795338.4,Short,321,Forward,2024-03-09,-16795338.4,0.0,100000000
208,EURUSD,UK,BankB,40683847.85,Short,121,Swap,2024-03-10,-40683847.85,0.0,100000000
209,CADUSD,Asia,BankC,13477392.08,Short,286,Forward,2024-03-10,-13477392.08,0.0,100000000
210,GBPUSD,Europe,BankB,34393633.39,Long,149,Swap,2024-03-10,34393633.39,0.0,100000000
211,AUDUSD,Asia,BankC,38251165.13,Long,84,Spot,2024-03-11,38251165.13,30600932.104000002,100000000
212,AUDUSD,Asia,BankC,30186298.29,Long,231,Spot,2024-03-11,30186298.29,0.0,100000000
213,GBPUSD,Americas,BankA,24107233.24,Long,288,Spot,2024-03-11,24107233.24,0.0,100000000
214,JPYUSD,Asia,BankC,21180204.79,Long,161,Spot,2024-03-12,21180204.79,0.0,100000000
215,JPYUSD,Asia,BankA,18094545.06,Long,272,Forward,2024-03-12,18094545.06,0.0,100000000
216,AUDUSD,Americas,BankA,46546928.07,Long,38,Forward,2024-03-12,46546928.07,37237542.456,100000000
217,AUDUSD,UK,BankA,41700350.98,Short,226,Spot,2024-03-13,-41700350.98,0.0,100000000
218,EURUSD,Americas,BankA,48286318.62,Long,142,Swap,2024-03-13,48286318.62,0.0,100000000
219,JPYUSD,Europe,BankC,7090563.95,Short,292,Swap,2024-03-13,-7090563.95,0.0,100000000
220,GBPUSD,Americas,BankB,36812506.28,Long,151,Spot,2024-03-14,36812506.28,0.0,100000000
221,JPYUSD,Europe,BankB,46978682.38,Long,114,Spot,2024-03-14,46978682.38,0.0,100000000
222,EURUSD,UK,BankB,9880420.24,Long,237,Spot,2024-03-14,9880420.24,0.0,100000000
223,AUDUSD,Americas,BankC,4258317.1,Short,66,Spot,2024-03-15,-4258317.1,-3406653.6799999997,100000000
224,AUDUSD,Americas,BankA,37314911.82,Short,361,Spot,2024-03-15,-37314911.82,0.0,100000000
225,EURUSD,UK,BankB,29149182.55,Short,341,Forward,2024-03-15,-29149182.55,0.0,100000000
226,GBPUSD,Europe,BankC,42249610.06,Short,258,Spot,2024-03-16,-42249610.06,0.0,100000000
227,AUDUSD,Americas,BankA,7848846.45,Long,249,Spot,2024-03-16,7848846.45,0.0,100000000
228,CADUSD,Europe,BankB,39968098.28,Short,331,Swap,2024-03-16,-39968098.28,0.0,100000000
229,AUDUSD,Americas,BankA,10879738.68,Long,323,Forward,2024-03-17,10879738.68,0.0,100000000
230,CADUSD,Asia,BankB,9019141.2,Long,180,Swap,2024-03-17,9019141.2,0.0,100000000
231,EURUSD,Americas,BankB,9049024.1,Short,190,Spot,2024-03-17,-9049024.1,0.0,100000000
232,EURUSD,UK,BankB,40914161.29,Short,154,Spot,2024-03-18,-40914161.29,0.0,100000000
233,AUDUSD,UK,BankA,33594663.81,Short,196,Forward,2024-03-18,-33594663.81,0.0,100000000
234,JPYUSD,Europe,BankC,26630205.81,Short,311,Spot,2024-03-18,-26630205.81,0.0,100000000
235,CADUSD,Americas,BankA,18582693.72,Short,262,Spot,2024-03-19,-18582693.72,0.0,100000000
236,GBPUSD,Europe,BankB,43982826.5,Short,143,Forward,2024-03-19,-43982826.5,0.0,100000000
237,AUDUSD,Europe,BankA,20229810.26,Short,342,Forward,2024-03-19,-20229810.26,0.0,100000000
238,GBPUSD,Asia,BankC,41013372.53,Short,316,Forward,2024-03-20,-41013372.53,0.0,100000000
239,AUDUSD,Asia,BankA,22517610.52,Long,101,Forward,2024-03-20,22517610.52,0.0,100000000
240,JPYUSD,UK,BankC,19470277.04,Short,244,Forward,2024-03-20,-19470277.04,0.0,100000000
241,JPYUSD,Europe,BankC,23671309.5,Short,12,Spot,2024-03-21,-23671309.5,-18937047.6,100000000
242,JPYUSD,UK,BankA,15767515.83,Long,239,Spot,2024-03-21,15767515.83,0.0,100000000
243,JPYUSD,Americas,BankB,37632859.63,Short,49,Spot,2024-03-21,-37632859.63,-30106287.704000004,100000000
244,EURUSD,Europe,BankC,25633299.11,Long,42,Spot,2024-03-22,25633299.11,20506639.288000003,100000000
245,EURUSD,Europe,BankA,12378422.06,Long,166,Swap,2024-03-22,12378422.06,0.0,100000000
246,CADUSD,Americas,BankC,45079154.09,Short,82,Forward,2024-03-22,-45079154.09,-36063323.27200001,100000000
247,GBPUSD,Americas,BankB,19810669.85,Long,291,Forward,2024-03-23,19810669.85,0.0,100000000
248,AUDUSD,UK,BankA,27634090.19,Long,158,Spot,2024-03-23,27634090.19,0.0,100000000
249,AUDUSD,UK,BankA,45417133.44,Long,216,Spot,2024-03-23,45417133.44,0.0,100000000
250,EURUSD,Americas,BankA,31587661.8,Long,158,Spot,2024-03-24,31587661.8,0.0,100000000
251,AUDUSD,UK,BankB,6728003.99,Short,134,Spot,2024-03-24,-6728003.99,0.0,100000000
252,EURUSD,Americas,BankC,47051774.06,Long,67,Spot,2024-03-24,47051774.06,37641419.248,100000000
253,CADUSD,Europe,BankA,31757694.6,Short,336,Forward,2024-03-25,-31757694.6,0.0,100000000
254,GBPUSD,Europe,BankC,17410375.12,Long,7,Forward,2024-03-25,17410375.12,13928300.096,100000000
255,CADUSD,Asia,BankC,7824331.56,Long,14,Forward,2024-03-25,7824331.56,6259465.248,100000000
256,JPYUSD,Europe,BankB,39907234.27,Long,73,Forward,2024-03-26,39907234.27,31925787.416000005,100000000
257,JPYUSD,Americas,BankA,31383565.04,Long,163,Swap,2024-03-26,31383565.04,0.0,100000000
258,JPYUSD,UK,BankC,27139593.51,Short,66,Spot,2024-03-26,-27139593.51,-21711674.808000002,100000000
259,CADUSD,Asia,BankA,44800736.57,Short,347,Spot,2024-03-27,-44800736.57,0.0,100000000
260,AUDUSD,UK,BankA,39641263.35,Long,130,Spot,2024-03-27,39641263.35,0.0,100000000
261,GBPUSD,Americas,BankB,8432069.11,Long,206,Forward,2024-03-27,8432069.11,0.0,100000000
262,JPYUSD,Europe,BankA,16274381.32,Short,276,Swap,2024-03-28,-16274381.32,0.0,100000000
263,JPYUSD,Asia,BankA,13175967.85,Long,256,Spot,2024-03-28,13175967.85,0.0,100000000
264,JPYUSD,Americas,BankC,37453368.34,Long,266,Swap,2024-03-28,37453368.34,0.0,100000000
265,GBPUSD,Asia,BankB,2643089.3,Long,25,Swap,2024-03-29,2643089.3,2114471.44,100000000
266,JPYUSD,Asia,BankA,28924594.56,Short,281,Spot,2024-03-29,-28924594.56,0.0,100000000
267,GBPUSD,Europe,BankC,38360475.6,Short,253,Spot,2024-03-29,-38360475.6,0.0,100000000
268,JPYUSD,Americas,BankB,43961516.2,Short,310,Forward,2024-03-30,-43961516.2,0.0,100000000
269,CADUSD,UK,BankB,17762005.69,Long,289,Swap,2024-03-30,17762005.69,0.0,100000000
270,CADUSD,Asia,BankC,41241607.93,Long,164,Spot,2024-03-30,41241607.93,0.0,100000000
271,GBPUSD,Asia,BankC,6420955.11,Short,95,Forward,2024-03-31,-6420955.11,0.0,100000000
272,CADUSD,UK,BankC,42476162.29,Short,270,Spot,2024-03-31,-42476162.29,0.0,100000000
273,GBPUSD,Americas,BankC,7246944.45,Short,321,Forward,2024-03-31,-7246944.45,0.0,100000000
274,CADUSD,Asia,BankC,20467077.24,Short,110,Forward,2024-04-01,-20467077.24,0.0,100000000
275,CADUSD,Asia,BankA,40067472.92,Long,336,Forward,2024-04-01,40067472.92,0.0,100000000
276,GBPUSD,Asia,BankA,8345953.94,Short,310,Swap,2024-04-01,-8345953.94,0.0,100000000
277,AUDUSD,Americas,BankB,12233318.37,Long,238,Swap,2024-04-02,12233318.37,0.0,100000000
278,CADUSD,Americas,BankA,36390375.85,Short,25,Swap,2024-04-02,-36390375.85,-29112300.680000003,100000000
279,JPYUSD,UK,BankA,36281790.29,Long,141,Spot,2024-04-02,36281790.29,0.0,100000000
280,AUDUSD,Americas,BankA,32416234.01,Short,117,Forward,2024-04-03,-32416234.01,0.0,100000000
281,GBPUSD,Americas,BankC,35003473.78,Short,25,Spot,2024-04-03,-35003473.78,-28002779.024000004,100000000
282,AUDUSD,Europe,BankB,27593497.72,Short,79,Forward,2024-04-03,-27593497.72,-22074798.176,100000000
283,EURUSD,UK,BankB,13338153.89,Short,68,Forward,2024-04-04,-13338153.89,-10670523.112000002,100000000
284,EURUSD,Asia,BankB,17939103.68,Long,173,Forward,2024-04-04,17939103.68,0.0,100000000
285,CADUSD,Americas,BankB,9898288.12,Short,12,Forward,2024-04-04,-9898288.12,-7918630.495999999,100000000
286,CADUSD,Asia,BankA,45514077.51,Long,288,Swap,2024-04-05,45514077.51,0.0,100000000
287,JPYUSD,Asia,BankA,29586197.94,Long,128,Spot,2024-04-05,29586197.94,0.0,100000000
288,AUDUSD,Europe,BankC,20641719.42,Long,96,Forward,2024-04-05,20641719.42,0.0,100000000
289,EURUSD,Americas,BankB,23638284.38,Long,92,Spot,2024-04-06,23638284.38,0.0,100000000
290,CADUSD,UK,BankA,47416883.64,Short,141,Spot,2024-04-06,-47416883.64,0.0,100000000
291,AUDUSD,Americas,BankA,8514218.75,Long,31,Spot,2024-04-06,8514218.75,6811375.0,100000000
292,CADUSD,Asia,BankC,29725261.77,Long,334,Swap,2024-04-07,29725261.77,0.0,100000000
293,CADUSD,UK,BankC,25788545.27,Long,20,Swap,2024-04-07,25788545.27,20630836.216000002,100000000
294,EURUSD,Americas,BankC,30961257.54,Short,146,Swap,2024-04-07,-30961257.54,0.0,100000000
295,EURUSD,Asia,BankA,1887399.01,Short,316,Swap,2024-04-08,-1887399.01,0.0,100000000
296,CADUSD,Asia,BankA,43734071.54,Short,160,Spot,2024-04-08,-43734071.54,0.0,100000000
297,GBPUSD,Europe,BankC,46673795.84,Short,349,Spot,2024-04-08,-46673795.84,0.0,100000000
298,CADUSD,Europe,BankB,28691526.0,Long,43,Forward,2024-04-09,28691526.0,22953220.8,100000000
299,CADUSD,Europe,BankC,35135890.37,Long,254,Forward,2024-04-09,35135890.37,0.0,100000000
300,JPYUSD,Asia,BankC,46202469.68,Short,130,Forward,2024-04-09,-46202469.68,0.0,100000000
301,JPYUSD,Americas,BankC,35654693.08,Long,60,Spot,2024-04-10,35654693.08,28523754.464,100000000
302,JPYUSD,Europe,BankC,8474413.1,Long,151,Forward,2024-04-10,8474413.1,0.0,100000000
303,GBPUSD,Americas,BankA,29238129.65,Long,287,Forward,2024-04-10,29238129.65,0.0,100000000
304,GBPUSD,Europe,BankB,30729037.27,Short,5,Spot,2024-04-11,-30729037.27,-24583229.816,100000000
305,CADUSD,UK,BankC,21782402.89,Short,266,Forward,2024-04-11,-21782402.89,0.0,100000000
306,JPYUSD,UK,BankB,37085767.55,Long,345,Forward,2024-04-11,37085767.55,0.0,100000000
307,GBPUSD,Europe,BankB,46783983.72,Short,130,Forward,2024-04-12,-46783983.72,0.0,100000000
308,EURUSD,Asia,BankB,46352857.13,Short,267,Spot,2024-04-12,-46352857.13,0.0,100000000
309,CADUSD,Europe,BankC,23091129.2,Short,178,Forward,2024-04-12,-23091129.2,0.0,100000000
310,AUDUSD,Europe,BankA,6548664.25,Short,253,Spot,2024-04-13,-6548664.25,0.0,100000000
311,CADUSD,Asia,BankC,49257218.75,Short,56,Spot,2024-04-13,-49257218.75,-39405775.0,100000000
312,AUDUSD,UK,BankB,42106006.24,Long,83,Forward,2024-04-13,42106006.24,33684804.992000006,100000000
313,JPYUSD,Americas,BankB,7108471.38,Short,99,Forward,2024-04-14,-7108471.38,0.0,100000000
314,AUDUSD,Europe,BankA,46121252.25,Long,149,Spot,2024-04-14,46121252.25,0.0,100000000
315,JPYUSD,Asia,BankC,43624921.74,Long,329,Forward,2024-04-14,43624921.74,0.0,100000000
316,EURUSD,Europe,BankB,26423064.8,Short,156,Forward,2024-04-15,-26423064.8,0.0,100000000
317,AUDUSD,Asia,BankA,29972496.35,Long,190,Forward,2024-04-15,29972496.35,0.0,100000000
318,CADUSD,Americas,BankB,20551132.49,Long,263,Forward,2024-04-15,20551132.49,0.0,100000000
319,JPYUSD,Americas,BankA,3683320.3,Long,80,Forward,2024-04-16,3683320.3,2946656.24,100000000
320,CADUSD,UK,BankA,17424664.84,Short,252,Forward,2024-04-16,-17424664.84,0.0,100000000
321,GBPUSD,Asia,BankC,40339818.98,Short,97,Spot,2024-04-16,-40339818.98,0.0,100000000
322,JPYUSD,Asia,BankB,1226969.13,Long,260,Spot,2024-04-17,1226969.13,0.0,100000000
323,AUDUSD,UK,BankC,17341459.41,Short,260,Forward,2024-04-17,-17341459.41,0.0,100000000
324,JPYUSD,UK,BankB,20510265.99,Short,103,Forward,2024-04-17,-20510265.99,0.0,100000000
325,CADUSD,Asia,BankC,27332384.54,Short,40,Forward,2024-04-18,-27332384.54,-21865907.632,100000000
326,EURUSD,UK,BankB,46072925.2,Short,273,Spot,2024-04-18,-46072925.2,0.0,100000000
327,JPYUSD,Americas,BankC,17970953.72,Long,101,Spot,2024-04-18,17970953.72,0.0,100000000
328,AUDUSD,Europe,BankA,18000706.89,Long,359,Forward,2024-04-19,18000706.89,0.0,100000000
329,GBPUSD,Americas,BankB,37137561.16,Short,308,Spot,2024-04-19,-37137561.16,0.0,100000000
330,EURUSD,UK,BankB,23158679.1,Short,221,Forward,2024-04-19,-23158679.1,0.0,100000000
331,GBPUSD,Asia,BankA,12005636.32,Long,308,Spot,2024-04-20,12005636.32,0.0,100000000
332,JPYUSD,Asia,BankC,23169536.29,Long,124,Forward,2024-04-20,23169536.29,0.0,100000000
333,CADUSD,Americas,BankB,7901994.0,Short,231,Swap,2024-04-20,-7901994.0,0.0,100000000
334,CADUSD,Asia,BankB,9642962.34,Long,178,Spot,2024-04-21,9642962.34,0.0,100000000
335,AUDUSD,UK,BankC,25420020.86,Short,63,Forward,2024-04-21,-25420020.86,-20336016.688,100000000
336,CADUSD,Americas,BankA,21527347.03,Short,116,Spot,2024-04-21,-21527347.03,0.0,100000000
337,EURUSD,Asia,BankC,45827449.15,Long,191,Forward,2024-04-22,45827449.15,0.0,100000000
338,CADUSD,Europe,BankC,18757301.06,Long,62,Forward,2024-04-22,18757301.06,15005840.848,100000000
339,AUDUSD,Europe,BankC,29448829.16,Short,256,Forward,2024-04-22,-29448829.16,0.0,100000000
340,JPYUSD,UK,BankB,31980950.11,Short,7,Forward,2024-04-23,-31980950.11,-25584760.088,100000000
341,JPYUSD,Asia,BankA,1641628.37,Long,155,Swap,2024-04-23,1641628.37,0.0,100000000
342,CADUSD,UK,BankA,33513331.23,Short,92,Spot,2024-04-23,-33513331.23,0.0,100000000
343,GBPUSD,Americas,BankC,9723762.38,Long,14,Spot,2024-04-24,9723762.38,7779009.904000001,100000000
344,JPYUSD,Europe,BankB,48092445.56,Short,229,Swap,2024-04-24,-48092445.56,0.0,100000000
345,CADUSD,Americas,BankC,8284473.66,Long,86,Forward,2024-04-24,8284473.66,6627578.928,100000000
346,AUDUSD,Asia,BankB,21316582.06,Long,133,Swap,2024-04-25,21316582.06,0.0,100000000
347,CADUSD,UK,BankB,5182133.74,Long,183,Forward,2024-04-25,5182133.74,0.0,100000000
348,JPYUSD,UK,BankB,49846838.34,Short,62,Swap,2024-04-25,-49846838.34,-39877470.672000006,100000000
349,AUDUSD,UK,BankB,25607555.51,Short,219,Forward,2024-04-26,-25607555.51,0.0,100000000
350,CADUSD,Americas,BankA,30173865.85,Long,246,Forward,2024-04-26,30173865.85,0.0,100000000
351,EURUSD,Europe,BankB,4286747.39,Short,230,Swap,2024-04-26,-4286747.39,0.0,100000000
352,AUDUSD,Americas,BankB,37748063.05,Long,79,Forward,2024-04-27,37748063.05,30198450.439999998,100000000
353,EURUSD,Americas,BankC,11285374.06,Long,149,Spot,2024-04-27,11285374.06,0.0,100000000
354,GBPUSD,Asia,BankC,45004660.18,Short,138,Spot,2024-04-27,-45004660.18,0.0,100000000
355,AUDUSD,Asia,BankA,11051842.38,Short,314,Spot,2024-04-28,-11051842.38,0.0,100000000
356,EURUSD,Asia,BankC,10343698.31,Long,65,Spot,2024-04-28,10343698.31,8274958.648000001,100000000
357,JPYUSD,Europe,BankB,2790933.72,Short,13,Spot,2024-04-28,-2790933.72,-2232746.9760000003,100000000
358,JPYUSD,Europe,BankC,24131280.31,Short,213,Forward,2024-04-29,-24131280.31,0.0,100000000
359,GBPUSD,Asia,BankA,28677215.53,Long,242,Forward,2024-04-29,28677215.53,0.0,100000000
360,AUDUSD,Asia,BankC,4219723.33,Long,213,Forward,2024-04-29,4219723.33,0.0,100000000
361,AUDUSD,Europe,BankC,39000853.22,Short,181,Forward,2024-04-30,-39000853.22,0.0,100000000
362,AUDUSD,UK,BankA,23211152.9,Long,338,Spot,2024-04-30,23211152.9,0.0,100000000
363,GBPUSD,Europe,BankA,26695123.2,Long,173,Spot,2024-04-30,26695123.2,0.0,100000000
364,AUDUSD,Europe,BankB,22597374.6,Short,160,Spot,2024-05-01,-22597374.6,0.0,100000000
365,JPYUSD,Europe,BankC,20637389.98,Long,164,Forward,2024-05-01,20637389.98,0.0,100000000
366,EURUSD,Asia,BankB,28422376.23,Long,188,Spot,2024-05-01,28422376.23,0.0,100000000
367,JPYUSD,UK,BankC,8606772.05,Short,191,Spot,2024-05-02,-8606772.05,0.0,100000000
368,JPYUSD,Europe,BankC,9914478.39,Short,308,Forward,2024-05-02,-9914478.39,0.0,100000000
369,EURUSD,Asia,BankB,43227495.43,Long,256,Swap,2024-05-02,43227495.43,0.0,100000000
370,JPYUSD,Americas,BankC,47359657.64,Long,183,Spot,2024-05-03,47359657.64,0.0,100000000
371,GBPUSD,Americas,BankC,19292156.5,Short,117,Forward,2024-05-03,-19292156.5,0.0,100000000
372,EURUSD,Europe,BankC,14266488.98,Short,282,Forward,2024-05-03,-14266488.98,0.0,100000000
373,JPYUSD,Americas,BankA,32555977.62,Short,196,Forward,2024-05-04,-32555977.62,0.0,100000000
374,CADUSD,UK,BankB,21027974.38,Short,34,Swap,2024-05-04,-21027974.38,-16822379.504,100000000
375,JPYUSD,Americas,BankA,2243931.43,Long,52,Spot,2024-05-04,2243931.43,1795145.1440000003,100000000
376,GBPUSD,Americas,BankB,8651477.27,Short,112,Spot,2024-05-05,-8651477.27,0.0,100000000
377,AUDUSD,UK,BankB,36082639.21,Short,252,Swap,2024-05-05,-36082639.21,0.0,100000000
378,JPYUSD,Europe,BankC,33287273.15,Long,82,Forward,2024-05-05,33287273.15,26629818.52,100000000
379,AUDUSD,Europe,BankB,2327703.63,Short,232,Forward,2024-05-06,-2327703.63,0.0,100000000
380,CADUSD,UK,BankA,11876635.93,Long,227,Forward,2024-05-06,11876635.93,0.0,100000000
381,JPYUSD,UK,BankA,12322665.03,Short,233,Forward,2024-05-06,-12322665.03,0.0,100000000
382,EURUSD,UK,BankA,33922744.44,Short,221,Swap,2024-05-07,-33922744.44,0.0,100000000
383,AUDUSD,Americas,BankB,1965816.35,Short,42,Swap,2024-05-07,-1965816.35,-1572653.08,100000000
384,CADUSD,UK,BankA,6101320.52,Long,21,Forward,2024-05-07,6101320.52,4881056.416,100000000
385,EURUSD,Asia,BankB,40195888.18,Long,42,Spot,2024-05-08,40195888.18,32156710.544,100000000
386,EURUSD,Americas,BankA,9748688.44,Short,113,Swap,2024-05-08,-9748688.44,0.0,100000000
387,EURUSD,Europe,BankA,32984559.28,Long,105,Spot,2024-05-08,32984559.28,0.0,100000000
388,EURUSD,Europe,BankB,12670956.27,Long,192,Spot,2024-05-09,12670956.27,0.0,100000000
389,JPYUSD,Europe,BankA,5872628.25,Long,17,Swap,2024-05-09,5872628.25,4698102.600000001,100000000
390,JPYUSD,Americas,BankC,12915437.36,Long,120,Spot,2024-05-09,12915437.36,0.0,100000000
391,JPYUSD,Asia,BankB,36391079.66,Long,129,Spot,2024-05-10,36391079.66,0.0,100000000
392,CADUSD,UK,BankB,42929126.94,Long,130,Spot,2024-05-10,42929126.94,0.0,100000000
393,CADUSD,UK,BankB,41680773.36,Short,60,Swap,2024-05-10,-41680773.36,-33344618.688,100000000
394,CADUSD,Europe,BankC,20461992.95,Short,48,Forward,2024-05-11,-20461992.95,-16369594.36,100000000
395,GBPUSD,Europe,BankB,33736171.69,Long,29,Forward,2024-05-11,33736171.69,26988937.351999998,100000000
396,CADUSD,Americas,BankA,11044230.48,Short,97,Spot,2024-05-11,-11044230.48,0.0,100000000
397,JPYUSD,Asia,BankA,15364238.78,Short,10,Forward,2024-05-12,-15364238.78,-12291391.024,100000000
398,JPYUSD,UK,BankA,44920455.11,Short,242,Forward,2024-05-12,-44920455.11,0.0,100000000
399,GBPUSD,Americas,BankB,1637094.25,Short,314,Spot,2024-05-12,-1637094.25,0.0,100000000
400,GBPUSD,UK,BankA,5189918.01,Long,232,Forward,2024-05-13,5189918.01,0.0,100000000
401,CADUSD,Europe,BankB,11186426.5,Short,277,Spot,2024-05-13,-11186426.5,0.0,100000000
402,AUDUSD,UK,BankA,2300077.99,Short,284,Swap,2024-05-13,-2300077.99,0.0,100000000
403,GBPUSD,Asia,BankC,9890336.32,Long,203,Forward,2024-05-14,9890336.32,0.0,100000000
404,EURUSD,Asia,BankC,29569036.49,Long,247,Swap,2024-05-14,29569036.49,0.0,100000000
405,JPYUSD,Europe,BankC,21649802.98,Short,290,Spot,2024-05-14,-21649802.98,0.0,100000000
406,EURUSD,Asia,BankC,44740913.84,Short,264,Forward,2024-05-15,-44740913.84,0.0,100000000
407,JPYUSD,Asia,BankB,41054734.53,Short,214,Forward,2024-05-15,-41054734.53,0.0,100000000
408,JPYUSD,Americas,BankA,17749050.23,Short,200,Forward,2024-05-15,-17749050.23,0.0,100000000
409,GBPUSD,UK,BankC,13711748.24,Short,79,Swap,2024-05-16,-13711748.24,-10969398.592,100000000
410,GBPUSD,Europe,BankB,19604928.0,Short,343,Spot,2024-05-16,-19604928.0,0.0,100000000
411,EURUSD,Europe,BankC,29924452.18,Long,344,Spot,2024-05-16,29924452.18,0.0,100000000
412,JPYUSD,Europe,BankC,14135118.4,Short,173,Forward,2024-05-17,-14135118.4,0.0,100000000
413,EURUSD,Europe,BankB,31583296.48,Short,69,Forward,2024-05-17,-31583296.48,-25266637.184,100000000
414,AUDUSD,Europe,BankB,21061170.96,Long,87,Forward,2024-05-17,21061170.96,16848936.768000003,100000000
415,EURUSD,Asia,BankA,28050311.86,Long,101,Spot,2024-05-18,28050311.86,0.0,100000000
416,CADUSD,Americas,BankA,22370199.93,Long,8,Forward,2024-05-18,22370199.93,17896159.944000002,100000000
417,EURUSD,Europe,BankC,15428822.22,Long,333,Spot,2024-05-18,15428822.22,0.0,100000000
418,CADUSD,Americas,BankC,47474212.04,Short,200,Forward,2024-05-19,-47474212.04,0.0,100000000
419,CADUSD,Americas,BankA,38416683.91,Short,87,Forward,2024-05-19,-38416683.91,-30733347.128,100000000
420,CADUSD,Asia,BankA,7865545.61,Short,43,Forward,2024-05-19,-7865545.61,-6292436.488000001,100000000
421,AUDUSD,Europe,BankB,43554930.82,Short,109,Spot,2024-05-20,-43554930.82,0.0,100000000
422,EURUSD,Asia,BankA,24884128.71,Short,152,Forward,2024-05-20,-24884128.71,0.0,100000000
423,EURUSD,Europe,BankA,44833059.12,Short,17,Spot,2024-05-20,-44833059.12,-35866447.296,100000000
424,AUDUSD,Asia,BankC,40192907.54,Long,133,Spot,2024-05-21,40192907.54,0.0,100000000
425,JPYUSD,Americas,BankA,21835461.72,Short,148,Forward,2024-05-21,-21835461.72,0.0,100000000
426,GBPUSD,Europe,BankC,2100996.11,Long,277,Swap,2024-05-21,2100996.11,0.0,100000000
427,EURUSD,UK,BankA,14165190.61,Long,232,Spot,2024-05-22,14165190.61,0.0,100000000
428,GBPUSD,Americas,BankB,27540076.52,Short,314,Forward,2024-05-22,-27540076.52,0.0,100000000
429,AUDUSD,UK,BankA,32040432.77,Long,228,Swap,2024-05-22,32040432.77,0.0,100000000
430,JPYUSD,Americas,BankA,13636496.59,Short,139,Swap,2024-05-23,-13636496.59,0.0,100000000
431,JPYUSD,Asia,BankA,7828447.63,Long,211,Spot,2024-05-23,7828447.63,0.0,100000000
432,JPYUSD,Europe,BankC,41911581.6,Short,28,Swap,2024-05-23,-41911581.6,-33529265.28,100000000
433,AUDUSD,Americas,BankB,49235706.85,Long,51,Spot,2024-05-24,49235706.85,39388565.480000004,100000000
434,CADUSD,Asia,BankA,26758818.93,Short,261,Spot,2024-05-24,-26758818.93,0.0,100000000
435,CADUSD,Europe,BankC,9412285.01,Short,261,Spot,2024-05-24,-9412285.01,0.0,100000000
436,GBPUSD,Europe,BankB,14343059.0,Short,350,Forward,2024-05-25,-14343059.0,0.0,100000000
437,CADUSD,Americas,BankC,1901143.15,Short,352,Spot,2024-05-25,-1901143.15,0.0,100000000
438,CADUSD,Europe,BankC,45800641.52,Short,8,Spot,2024-05-25,-45800641.52,-36640513.216000006,100000000
439,JPYUSD,Americas,BankB,6769803.06,Long,320,Spot,2024-05-26,6769803.06,0.0,100000000
440,JPYUSD,Europe,BankA,29249307.3,Long,138,Swap,2024-05-26,29249307.3,0.0,100000000
441,GBPUSD,UK,BankC,14428705.81,Long,38,Swap,2024-05-26,14428705.81,11542964.648000002,100000000
442,EURUSD,Asia,BankC,28154722.12,Short,111,Spot,2024-05-27,-28154722.12,0.0,100000000
443,GBPUSD,UK,BankA,32919599.03,Long,220,Swap,2024-05-27,32919599.03,0.0,100000000
444,GBPUSD,Americas,BankA,41657348.38,Short,337,Swap,2024-05-27,-41657348.38,0.0,100000000
445,AUDUSD,UK,BankB,11114642.32,Short,223,Forward,2024-05-28,-11114642.32,0.0,100000000
446,AUDUSD,Americas,BankB,1538795.6,Long,136,Spot,2024-05-28,1538795.6,0.0,100000000
447,GBPUSD,Europe,BankB,7707395.87,Long,256,Forward,2024-05-28,7707395.87,0.0,100000000
448,GBPUSD,Europe,BankA,45100913.45,Short,360,Swap,2024-05-29,-45100913.45,0.0,100000000
449,GBPUSD,Americas,BankC,43820613.8,Long,329,Forward,2024-05-29,43820613.8,0.0,100000000
450,CADUSD,UK,BankC,30273242.01,Short,49,Spot,2024-05-29,-30273242.01,-24218593.608000003,100000000
451,AUDUSD,Europe,BankB,30425326.16,Short,292,Forward,2024-05-30,-30425326.16,0.0,100000000
452,GBPUSD,Asia,BankA,33586797.05,Short,324,Forward,2024-05-30,-33586797.05,0.0,100000000
453,JPYUSD,Europe,BankC,9593192.65,Short,78,Forward,2024-05-30,-9593192.65,-7674554.120000001,100000000
454,JPYUSD,Asia,BankB,45806185.35,Short,105,Spot,2024-05-31,-45806185.35,0.0,100000000
455,CADUSD,UK,BankC,21519755.72,Long,169,Spot,2024-05-31,21519755.72,0.0,100000000
456,CADUSD,Asia,BankC,19773787.88,Long,217,Swap,2024-05-31,19773787.88,0.0,100000000
457,EURUSD,Asia,BankA,26426967.56,Short,119,Swap,2024-06-01,-26426967.56,0.0,100000000
458,EURUSD,Asia,BankA,3301332.37,Short,190,Spot,2024-06-01,-3301332.37,0.0,100000000
459,EURUSD,Asia,BankC,9147885.07,Long,255,Swap,2024-06-01,9147885.07,0.0,100000000
460,CADUSD,Europe,BankB,37163647.2,Long,266,Spot,2024-06-02,37163647.2,0.0,100000000
461,CADUSD,Asia,BankA,5057134.73,Short,149,Forward,2024-06-02,-5057134.73,0.0,100000000
462,CADUSD,Europe,BankC,30554453.36,Long,164,Forward,2024-06-02,30554453.36,0.0,100000000
463,JPYUSD,Asia,BankA,13022106.37,Short,140,Swap,2024-06-03,-13022106.37,0.0,100000000
464,CADUSD,Americas,BankA,20075485.09,Long,347,Swap,2024-06-03,20075485.09,0.0,100000000
465,JPYUSD,UK,BankA,15145993.1,Short,258,Spot,2024-06-03,-15145993.1,0.0,100000000
466,EURUSD,Asia,BankC,18427963.11,Long,269,Swap,2024-06-04,18427963.11,0.0,100000000
467,EURUSD,Americas,BankB,36233249.35,Short,181,Spot,2024-06-04,-36233249.35,0.0,100000000
468,EURUSD,Asia,BankB,15558964.07,Long,160,Forward,2024-06-04,15558964.07,0.0,100000000
469,GBPUSD,Asia,BankB,28753827.37,Long,351,Forward,2024-06-05,28753827.37,0.0,100000000
470,GBPUSD,Asia,BankA,24326469.71,Short,288,Forward,2024-06-05,-24326469.71,0.0,100000000
471,AUDUSD,Americas,BankC,33519887.1,Long,288,Spot,2024-06-05,33519887.1,0.0,100000000
472,AUDUSD,UK,BankA,46904657.23,Short,226,Swap,2024-06-06,-46904657.23,0.0,100000000
473,AUDUSD,Americas,BankB,36896032.76,Long,11,Spot,2024-06-06,36896032.76,29516826.208,100000000
474,GBPUSD,UK,BankB,11532078.55,Short,10,Spot,2024-06-06,-11532078.55,-9225662.840000002,100000000
475,GBPUSD,Asia,BankC,2527973.62,Long,271,Forward,2024-06-07,2527973.62,0.0,100000000
476,AUDUSD,Europe,BankA,13850938.17,Short,273,Forward,2024-06-07,-13850938.17,0.0,100000000
477,AUDUSD,Asia,BankB,30158818.6,Long,183,Swap,2024-06-07,30158818.6,0.0,100000000
478,CADUSD,UK,BankC,3519864.86,Short,153,Spot,2024-06-08,-3519864.86,0.0,100000000
479,AUDUSD,Americas,BankA,25321946.11,Long,315,Spot,2024-06-08,25321946.11,0.0,100000000
480,CADUSD,Asia,BankA,30245299.6,Short,334,Swap,2024-06-08,-30245299.6,0.0,100000000
481,JPYUSD,Americas,BankB,17377950.65,Short,124,Forward,2024-06-09,-17377950.65,0.0,100000000
482,GBPUSD,Americas,BankB,38774697.98,Short,114,Spot,2024-06-09,-38774697.98,0.0,100000000
483,AUDUSD,Americas,BankA,6223314.4,Long,278,Forward,2024-06-09,6223314.4,0.0,100000000
484,GBPUSD,Asia,BankA,4681751.31,Short,213,Forward,2024-06-10,-4681751.31,0.0,100000000
485,GBPUSD,Americas,BankB,36681249.05,Long,172,Forward,2024-06-10,36681249.05,0.0,100000000
486,GBPUSD,Americas,BankA,25279074.49,Short,288,Forward,2024-06-10,-25279074.49,0.0,100000000
487,JPYUSD,Asia,BankB,34731717.42,Long,174,Swap,2024-06-11,34731717.42,0.0,100000000
488,EURUSD,Americas,BankA,22306539.59,Short,113,Swap,2024-06-11,-22306539.59,0.0,100000000
489,AUDUSD,Asia,BankB,13073699.63,Long,122,Forward,2024-06-11,13073699.63,0.0,100000000
490,EURUSD,UK,BankC,41136013.57,Long,32,Spot,2024-06-12,41136013.57,32908810.856000002,100000000
491,EURUSD,UK,BankB,40171378.07,Short,222,Swap,2024-06-12,-40171378.07,0.0,100000000
492,EURUSD,UK,BankB,35040127.07,Long,119,Forward,2024-06-12,35040127.07,0.0,100000000
493,GBPUSD,Americas,BankC,14335111.72,Long,39,Forward,2024-06-13,14335111.72,11468089.376000002,100000000
494,CADUSD,Europe,BankA,29921302.68,Short,268,Spot,2024-06-13,-29921302.68,0.0,100000000
495,GBPUSD,Europe,BankC,18687720.95,Long,233,Swap,2024-06-13,18687720.95,0.0,100000000
496,GBPUSD,Americas,BankB,5487521.59,Long,18,Forward,2024-06-14,5487521.59,4390017.272,100000000
497,EURUSD,Europe,BankA,45948365.2,Long,149,Spot,2024-06-14,45948365.2,0.0,100000000
498,GBPUSD,Asia,BankC,7704112.92,Short,149,Forward,2024-06-14,-7704112.92,0.0,100000000
499,EURUSD,Europe,BankA,47561630.34,Long,126,Swap,2024-06-15,47561630.34,0.0,100000000
500,CADUSD,Americas,BankA,22854282.87,Short,302,Spot,2024-06-15,-22854282.87,0.0,100000000
501,AUDUSD,Americas,BankC,10071513.51,Long,360,Swap,2024-06-15,10071513.51,0.0,100000000
502,EURUSD,Asia,BankA,27553146.42,Long,238,Forward,2024-06-16,27553146.42,0.0,100000000
503,CADUSD,UK,BankC,43774345.96,Long,135,Forward,2024-06-16,43774345.96,0.0,100000000
504,AUDUSD,Americas,BankB,36879019.43,Short,151,Spot,2024-06-16,-36879019.43,0.0,100000000
505,JPYUSD,Asia,BankA,40521496.25,Long,236,Spot,2024-06-17,40521496.25,0.0,100000000
506,EURUSD,Europe,BankB,33280384.97,Long,224,Swap,2024-06-17,33280384.97,0.0,100000000
507,EURUSD,Europe,BankB,34921551.66,Short,203,Spot,2024-06-17,-34921551.66,0.0,100000000
508,JPYUSD,Asia,BankA,42610586.93,Long,256,Forward,2024-06-18,42610586.93,0.0,100000000
509,JPYUSD,Asia,BankC,13233732.43,Short,86,Spot,2024-06-18,-13233732.43,-10586985.944,100000000
510,EURUSD,Americas,BankA,24981823.22,Short,150,Spot,2024-06-18,-24981823.22,0.0,100000000
511,JPYUSD,Europe,BankB,11839262.65,Long,235,Spot,2024-06-19,11839262.65,0.0,100000000
512,GBPUSD,Asia,BankB,49395732.39,Short,345,Forward,2024-06-19,-49395732.39,0.0,100000000
513,AUDUSD,Europe,BankC,47258907.64,Long,22,Swap,2024-06-19,47258907.64,37807126.112,100000000
514,AUDUSD,Asia,BankA,2931913.76,Short,348,Spot,2024-06-20,-2931913.76,0.0,100000000
515,AUDUSD,Europe,BankB,35573183.45,Short,285,Spot,2024-06-20,-35573183.45,0.0,100000000
516,GBPUSD,UK,BankB,46337167.55,Long,269,Spot,2024-06-20,46337167.55,0.0,100000000
517,JPYUSD,Americas,BankB,9848191.91,Short,258,Forward,2024-06-21,-9848191.91,0.0,100000000
518,CADUSD,Europe,BankC,28829316.3,Short,29,Forward,2024-06-21,-28829316.3,-23063453.040000003,100000000
519,JPYUSD,UK,BankB,45858926.58,Short,213,Swap,2024-06-21,-45858926.58,0.0,100000000
520,EURUSD,Europe,BankB,2663352.95,Short,283,Forward,2024-06-22,-2663352.95,0.0,100000000
521,AUDUSD,Europe,BankA,35173593.1,Short,50,Forward,2024-06-22,-35173593.1,-28138874.480000004,100000000
522,JPYUSD,UK,BankA,15570101.36,Long,95,Spot,2024-06-22,15570101.36,0.0,100000000
523,CADUSD,Europe,BankB,46295413.57,Short,88,Swap,2024-06-23,-46295413.57,-37036330.856,100000000
524,EURUSD,Europe,BankB,48581854.01,Long,44,Spot,2024-06-23,48581854.01,38865483.208,100000000
525,GBPUSD,Americas,BankA,47269057.97,Short,278,Spot,2024-06-23,-47269057.97,0.0,100000000
526,GBPUSD,UK,BankC,24236496.62,Long,171,Forward,2024-06-24,24236496.62,0.0,100000000
527,CADUSD,UK,BankC,43240089.9,Long,189,Forward,2024-06-24,43240089.9,0.0,100000000
528,EURUSD,Asia,BankC,42382920.53,Short,353,Forward,2024-06-24,-42382920.53,0.0,100000000
529,AUDUSD,Europe,BankC,16635923.19,Short,184,Forward,2024-06-25,-16635923.19,0.0,100000000
530,JPYUSD,Americas,BankC,41616858.23,Short,3,Forward,2024-06-25,-41616858.23,-33293486.584,100000000
531,EURUSD,Europe,BankC,2813374.1,Long,191,Spot,2024-06-25,2813374.1,0.0,100000000
532,GBPUSD,Europe,BankC,30217224.05,Short,118,Swap,2024-06-26,-30217224.05,0.0,100000000
533,CADUSD,Asia,BankC,12270433.03,Long,19,Forward,2024-06-26,12270433.03,9816346.424,100000000
534,CADUSD,Europe,BankA,6907777.4,Long,23,Forward,2024-06-26,6907777.4,5526221.920000001,100000000
535,JPYUSD,Americas,BankC,4770706.88,Long,30,Forward,2024-06-27,4770706.88,3816565.504,100000000
536,CADUSD,Americas,BankC,35118150.02,Short,295,Spot,2024-06-27,-35118150.02,0.0,100000000
537,CADUSD,Asia,BankC,17653873.22,Short,108,Forward,2024-06-27,-17653873.22,0.0,100000000
538,EURUSD,Europe,BankB,36513571.8,Long,281,Forward,2024-06-28,36513571.8,0.0,100000000
539,AUDUSD,Americas,BankA,4202460.7,Long,128,Spot,2024-06-28,4202460.7,0.0,100000000
540,JPYUSD,Europe,BankA,16449226.55,Short,229,Forward,2024-06-28,-16449226.55,0.0,100000000
541,EURUSD,Europe,BankA,27435073.33,Long,111,Swap,2024-06-29,27435073.33,0.0,100000000
542,AUDUSD,Europe,BankC,39745435.08,Short,136,Forward,2024-06-29,-39745435.08,0.0,100000000
543,EURUSD,Asia,BankC,16618872.64,Long,362,Swap,2024-06-29,16618872.64,0.0,100000000
544,EURUSD,Europe,BankB,31668677.45,Short,186,Spot,2024-06-30,-31668677.45,0.0,100000000
545,CADUSD,Americas,BankA,44412909.66,Long,144,Spot,2024-06-30,44412909.66,0.0,100000000
546,AUDUSD,Europe,BankC,31177296.22,Short,72,Spot,2024-06-30,-31177296.22,-24941836.976,100000000
547,JPYUSD,Americas,BankA,12415014.26,Long,129,Forward,2024-07-01,12415014.26,0.0,100000000
548,JPYUSD,Europe,BankB,2195638.3,Short,364,Spot,2024-07-01,-2195638.3,0.0,100000000
549,AUDUSD,Americas,BankB,43634844.82,Short,261,Spot,2024-07-01,-43634844.82,0.0,100000000
550,CADUSD,Americas,BankB,2042201.13,Long,3,Swap,2024-07-02,2042201.13,1633760.904,100000000
551,GBPUSD,Europe,BankA,43860381.96,Long,104,Swap,2024-07-02,43860381.96,0.0,100000000
552,EURUSD,Europe,BankC,26917919.57,Short,224,Forward,2024-07-02,-26917919.57,0.0,100000000
553,CADUSD,Americas,BankC,47014317.23,Long,320,Spot,2024-07-03,47014317.23,0.0,100000000
554,AUDUSD,UK,BankB,40140378.55,Short,362,Spot,2024-07-03,-40140378.55,0.0,100000000
555,EURUSD,Asia,BankC,49898771.42,Long,354,Spot,2024-07-03,49898771.42,0.0,100000000
556,JPYUSD,UK,BankB,18184878.96,Short,10,Forward,2024-07-04,-18184878.96,-14547903.168000001,100000000
557,GBPUSD,UK,BankA,38592226.16,Short,302,Swap,2024-07-04,-38592226.16,0.0,100000000
558,JPYUSD,Europe,BankB,20694614.77,Short,231,Forward,2024-07-04,-20694614.77,0.0,100000000
559,AUDUSD,Asia,BankA,24513905.39,Short,219,Spot,2024-07-05,-24513905.39,0.0,100000000
560,EURUSD,UK,BankB,31747767.7,Short,66,Forward,2024-07-05,-31747767.7,-25398214.16,100000000
561,AUDUSD,Europe,BankC,43810178.6,Short,112,Spot,2024-07-05,-43810178.6,0.0,100000000
562,EURUSD,UK,BankC,49220089.99,Long,13,Spot,2024-07-06,49220089.99,39376071.992000006,100000000
563,CADUSD,UK,BankB,38645397.28,Long,86,Forward,2024-07-06,38645397.28,30916317.824,100000000
564,GBPUSD,Europe,BankC,21470572.33,Long,234,Forward,2024-07-06,21470572.33,0.0,100000000
565,CADUSD,Europe,BankC,21646493.11,Short,90,Spot,2024-07-07,-21646493.11,0.0,100000000
566,CADUSD,Europe,BankC,37141532.78,Short,314,Spot,2024-07-07,-37141532.78,0.0,100000000
567,AUDUSD,Asia,BankA,12700080.14,Short,54,Swap,2024-07-07,-12700080.14,-10160064.112000002,100000000
568,GBPUSD,UK,BankC,6413231.54,Short,12,Spot,2024-07-08,-6413231.54,-5130585.232000001,100000000
569,EURUSD,Europe,BankA,18376485.72,Long,209,Spot,2024-07-08,18376485.72,0.0,100000000
570,EURUSD,Americas,BankB,15074710.59,Long,14,Spot,2024-07-08,15074710.59,12059768.472000001,100000000
571,JPYUSD,UK,BankC,15519097.9,Short,121,Spot,2024-07-09,-15519097.9,0.0,100000000
572,EURUSD,Americas,BankC,12446779.8,Long,20,Spot,2024-07-09,12446779.8,9957423.840000002,100000000
573,AUDUSD,Asia,BankC,3062566.29,Long,75,Swap,2024-07-09,3062566.29,2450053.032,100000000
574,CADUSD,Europe,BankB,1875822.8,Short,243,Spot,2024-07-10,-1875822.8,0.0,100000000
575,CADUSD,Americas,BankA,49398397.1,Long,223,Forward,2024-07-10,49398397.1,0.0,100000000
576,CADUSD,Asia,BankA,21960883.55,Short,70,Forward,2024-07-10,-21960883.55,-17568706.84,100000000
577,GBPUSD,Europe,BankC,19832005.71,Long,312,Forward,2024-07-11,19832005.71,0.0,100000000
578,EURUSD,Americas,BankB,34302716.85,Short,211,Swap,2024-07-11,-34302716.85,0.0,100000000
579,AUDUSD,Americas,BankB,11694440.51,Short,101,Swap,2024-07-11,-11694440.51,0.0,100000000
580,GBPUSD,Asia,BankB,47548098.01,Short,186,Spot,2024-07-12,-47548098.01,0.0,100000000
581,JPYUSD,Europe,BankB,39530905.71,Short,132,Forward,2024-07-12,-39530905.71,0.0,100000000
582,AUDUSD,Europe,BankB,5381139.11,Long,111,Forward,2024-07-12,5381139.11,0.0,100000000
583,AUDUSD,Americas,BankA,21461458.01,Short,132,Swap,2024-07-13,-21461458.01,0.0,100000000
584,AUDUSD,Americas,BankA,44076797.07,Short,20,Forward,2024-07-13,-44076797.07,-35261437.656,100000000
585,CADUSD,Americas,BankA,47291869.09,Short,24,Swap,2024-07-13,-47291869.09,-37833495.27200001,100000000
586,AUDUSD,Europe,BankC,23902674.05,Long,227,Forward,2024-07-14,23902674.05,0.0,100000000
587,EURUSD,Asia,BankB,31057158.07,Short,154,Spot,2024-07-14,-31057158.07,0.0,100000000
588,AUDUSD,Asia,BankC,9184663.36,Long,293,Forward,2024-07-14,9184663.36,0.0,100000000
589,CADUSD,Europe,BankB,49567262.68,Short,230,Swap,2024-07-15,-49567262.68,0.0,100000000
590,AUDUSD,UK,BankA,12351913.37,Long,310,Swap,2024-07-15,12351913.37,0.0,100000000
591,JPYUSD,Asia,BankC,47193856.93,Long,359,Spot,2024-07-15,47193856.93,0.0,100000000
592,JPYUSD,Americas,BankA,32832685.8,Short,202,Forward,2024-07-16,-32832685.8,0.0,100000000
593,CADUSD,UK,BankB,30779102.95,Long,38,Spot,2024-07-16,30779102.95,24623282.36,100000000
594,EURUSD,UK,BankB,26121737.04,Short,260,Spot,2024-07-16,-26121737.04,0.0,100000000
595,EURUSD,Asia,BankB,12302820.77,Short,188,Forward,2024-07-17,-12302820.77,0.0,100000000
596,GBPUSD,UK,BankA,9649873.57,Short,57,Spot,2024-07-17,-9649873.57,-7719898.856000001,100000000
597,CADUSD,UK,BankB,11803824.24,Long,20,Swap,2024-07-17,11803824.24,9443059.392,100000000
598,AUDUSD,Asia,BankA,10135474.85,Long,273,Spot,2024-07-18,10135474.85,0.0,100000000
599,CADUSD,Asia,BankC,39199639.2,Short,119,Swap,2024-07-18,-39199639.2,0.0,100000000
600,GBPUSD,UK,BankB,18156137.7,Short,71,Spot,2024-07-18,-18156137.7,-14524910.16,100000000
601,CADUSD,Americas,BankB,3834291.15,Long,4,Spot,2024-07-19,3834291.15,3067432.92,100000000
602,CADUSD,Europe,BankB,48486028.88,Short,221,Spot,2024-07-19,-48486028.88,0.0,100000000
603,GBPUSD,UK,BankC,44305508.36,Short,14,Spot,2024-07-19,-44305508.36,-35444406.688,100000000
604,EURUSD,UK,BankB,46459861.88,Short,3,Spot,2024-07-20,-46459861.88,-37167889.504,100000000
605,AUDUSD,Americas,BankA,49750483.31,Long,216,Spot,2024-07-20,49750483.31,0.0,100000000
606,GBPUSD,UK,BankA,9520867.21,Long,229,Forward,2024-07-20,9520867.21,0.0,100000000
607,JPYUSD,UK,BankB,20415858.93,Long,336,Spot,2024-07-21,20415858.93,0.0,100000000
608,EURUSD,Europe,BankB,38153685.31,Short,186,Forward,2024-07-21,-38153685.31,0.0,100000000
609,JPYUSD,Europe,BankC,35105010.28,Short,55,Spot,2024-07-21,-35105010.28,-28084008.224000003,100000000
610,EURUSD,Europe,BankC,8540899.41,Short,254,Swap,2024-07-22,-8540899.41,0.0,100000000
611,AUDUSD,Asia,BankC,40975823.12,Long,24,Swap,2024-07-22,40975823.12,32780658.496,100000000
612,AUDUSD,Asia,BankB,11997588.02,Short,162,Forward,2024-07-22,-11997588.02,0.0,100000000
613,CADUSD,Europe,BankC,11967063.13,Short,158,Spot,2024-07-23,-11967063.13,0.0,100000000
614,JPYUSD,Europe,BankC,27311746.72,Short,82,Spot,2024-07-23,-27311746.72,-21849397.376000002,100000000
615,EURUSD,Asia,BankA,30054056.81,Short,159,Swap,2024-07-23,-30054056.81,0.0,100000000
616,AUDUSD,Americas,BankC,29424224.18,Long,188,Spot,2024-07-24,29424224.18,0.0,100000000
617,GBPUSD,UK,BankA,5482855.03,Long,60,Spot,2024-07-24,5482855.03,4386284.024,100000000
618,AUDUSD,UK,BankA,43995582.27,Short,305,Spot,2024-07-24,-43995582.27,0.0,100000000
619,GBPUSD,Europe,BankC,14014402.09,Long,319,Spot,2024-07-25,14014402.09,0.0,100000000
620,EURUSD,Americas,BankA,7346231.14,Long,211,Spot,2024-07-25,7346231.14,0.0,100000000
621,AUDUSD,Asia,BankB,44548655.91,Short,152,Forward,2024-07-25,-44548655.91,0.0,100000000
622,AUDUSD,Europe,BankB,47826923.41,Short,109,Spot,2024-07-26,-47826923.41,0.0,100000000
623,EURUSD,Americas,BankC,43244253.25,Long,76,Forward,2024-07-26,43244253.25,34595402.6,100000000
624,AUDUSD,Americas,BankB,40666287.66,Short,30,Spot,2024-07-26,-40666287.66,-32533030.128,100000000
625,GBPUSD,Americas,BankA,33106857.05,Long,314,Spot,2024-07-27,33106857.05,0.0,100000000
626,AUDUSD,Asia,BankB,27992011.16,Short,117,Swap,2024-07-27,-27992011.16,0.0,100000000
627,JPYUSD,Asia,BankC,5262351.24,Long,356,Spot,2024-07-27,5262351.24,0.0,100000000
628,CADUSD,UK,BankC,21014207.44,Short,192,Swap,2024-07-28,-21014207.44,0.0,100000000
629,GBPUSD,UK,BankA,19261737.33,Long,19,Forward,2024-07-28,19261737.33,15409389.864,100000000
630,JPYUSD,Americas,BankC,13727935.4,Long,173,Spot,2024-07-28,13727935.4,0.0,100000000
631,EURUSD,Americas,BankB,36447585.57,Long,228,Swap,2024-07-29,36447585.57,0.0,100000000
632,GBPUSD,Asia,BankC,25297911.02,Short,350,Spot,2024-07-29,-25297911.02,0.0,100000000
633,CADUSD,UK,BankA,4971264.58,Long,183,Swap,2024-07-29,4971264.58,0.0,100000000
634,CADUSD,Americas,BankC,11788976.9,Long,113,Spot,2024-07-30,11788976.9,0.0,100000000
635,EURUSD,UK,BankB,34479679.42,Short,183,Swap,2024-07-30,-34479679.42,0.0,100000000
636,EURUSD,UK,BankA,4730412.12,Short,146,Spot,2024-07-30,-4730412.12,0.0,100000000
637,GBPUSD,Americas,BankB,42709138.79,Long,319,Forward,2024-07-31,42709138.79,0.0,100000000
638,AUDUSD,Asia,BankA,25262179.82,Long,116,Forward,2024-07-31,25262179.82,0.0,100000000
639,EURUSD,Americas,BankC,24548742.29,Short,113,Swap,2024-07-31,-24548742.29,0.0,100000000
640,AUDUSD,Americas,BankA,30027981.45,Short,251,Swap,2024-08-01,-30027981.45,0.0,100000000
641,JPYUSD,UK,BankA,41409367.33,Short,251,Swap,2024-08-01,-41409367.33,0.0,100000000
642,CADUSD,Americas,BankC,18042651.19,Short,303,Swap,2024-08-01,-18042651.19,0.0,100000000
643,AUDUSD,Asia,BankB,34222791.48,Short,313,Spot,2024-08-02,-34222791.48,0.0,100000000
644,CADUSD,Americas,BankC,28720866.24,Long,118,Spot,2024-08-02,28720866.24,0.0,100000000
645,AUDUSD,Asia,BankA,14084385.24,Short,301,Spot,2024-08-02,-14084385.24,0.0,100000000
646,JPYUSD,Asia,BankC,44052869.33,Long,161,Spot,2024-08-03,44052869.33,0.0,100000000
647,EURUSD,UK,BankA,40073875.06,Long,198,Spot,2024-08-03,40073875.06,0.0,100000000
648,JPYUSD,Europe,BankC,33264139.9,Long,260,Forward,2024-08-03,33264139.9,0.0,100000000
649,EURUSD,Europe,BankC,42678504.73,Short,148,Spot,2024-08-04,-42678504.73,0.0,100000000
650,EURUSD,UK,BankB,43497415.85,Long,240,Forward,2024-08-04,43497415.85,0.0,100000000
651,CADUSD,Americas,BankA,35709785.86,Long,47,Spot,2024-08-04,35709785.86,28567828.688,100000000
652,JPYUSD,UK,BankB,42013653.09,Short,198,Spot,2024-08-05,-42013653.09,0.0,100000000
653,AUDUSD,Asia,BankA,35176101.62,Long,47,Forward,2024-08-05,35176101.62,28140881.296,100000000
654,JPYUSD,Europe,BankC,34326897.82,Long,78,Forward,2024-08-05,34326897.82,27461518.256,100000000
655,CADUSD,UK,BankA,31311957.53,Short,124,Forward,2024-08-06,-31311957.53,0.0,100000000
656,EURUSD,Americas,BankB,37883115.34,Long,75,Forward,2024-08-06,37883115.34,30306492.272000004,100000000
657,CADUSD,UK,BankB,8771650.16,Long,359,Spot,2024-08-06,8771650.16,0.0,100000000
658,GBPUSD,Europe,BankB,44162667.2,Long,137,Forward,2024-08-07,44162667.2,0.0,100000000
659,GBPUSD,UK,BankA,43720332.86,Short,90,Spot,2024-08-07,-43720332.86,0.0,100000000
660,AUDUSD,UK,BankB,2433116.87,Short,325,Spot,2024-08-07,-2433116.87,0.0,100000000
661,CADUSD,Europe,BankB,41465020.78,Short,61,Forward,2024-08-08,-41465020.78,-33172016.624,100000000
662,AUDUSD,Asia,BankB,7314623.51,Long,138,Spot,2024-08-08,7314623.51,0.0,100000000
663,AUDUSD,Asia,BankC,17420823.86,Long,50,Spot,2024-08-08,17420823.86,13936659.088,100000000
664,GBPUSD,Europe,BankC,37431904.56,Short,259,Swap,2024-08-09,-37431904.56,0.0,100000000
665,AUDUSD,UK,BankA,8877234.91,Long,107,Swap,2024-08-09,8877234.91,0.0,100000000
666,GBPUSD,Europe,BankA,41080384.18,Long,113,Spot,2024-08-09,41080384.18,0.0,100000000
667,EURUSD,Asia,BankB,41774574.72,Short,350,Spot,2024-08-10,-41774574.72,0.0,100000000
668,CADUSD,Americas,BankC,25865918.95,Short,254,Spot,2024-08-10,-25865918.95,0.0,100000000
669,AUDUSD,UK,BankB,1312907.71,Long,118,Spot,2024-08-10,1312907.71,0.0,100000000
670,GBPUSD,Asia,BankB,15064868.53,Long,198,Swap,2024-08-11,15064868.53,0.0,100000000
671,JPYUSD,UK,BankC,31229419.0,Long,337,Spot,2024-08-11,31229419.0,0.0,100000000
672,AUDUSD,Europe,BankC,49078122.72,Short,51,Forward,2024-08-11,-49078122.72,-39262498.176,100000000
673,EURUSD,Americas,BankC,31958862.82,Short,245,Spot,2024-08-12,-31958862.82,0.0,100000000
674,EURUSD,Europe,BankA,13730375.47,Short,35,Swap,2024-08-12,-13730375.47,-10984300.376000002,100000000
675,JPYUSD,Americas,BankA,32066279.45,Short,302,Spot,2024-08-12,-32066279.45,0.0,100000000
676,GBPUSD,UK,BankB,27459283.61,Long,69,Forward,2024-08-13,27459283.61,21967426.888,100000000
677,AUDUSD,UK,BankA,39212424.36,Short,349,Spot,2024-08-13,-39212424.36,0.0,100000000
678,GBPUSD,Europe,BankC,6242051.3,Short,320,Forward,2024-08-13,-6242051.3,0.0,100000000
679,EURUSD,Americas,BankC,38290367.22,Short,49,Spot,2024-08-14,-38290367.22,-30632293.776,100000000
680,GBPUSD,Americas,BankA,27522062.36,Short,74,Spot,2024-08-14,-27522062.36,-22017649.888,100000000
681,EURUSD,UK,BankB,48186608.19,Short,192,Swap,2024-08-14,-48186608.19,0.0,100000000
682,GBPUSD,Europe,BankB,17751736.14,Long,261,Swap,2024-08-15,17751736.14,0.0,100000000
683,JPYUSD,Americas,BankA,31998472.76,Long,356,Swap,2024-08-15,31998472.76,0.0,100000000
684,CADUSD,UK,BankB,46669377.17,Short,70,Forward,2024-08-15,-46669377.17,-37335501.736,100000000
685,JPYUSD,Asia,BankB,6022976.67,Long,90,Swap,2024-08-16,6022976.67,0.0,100000000
686,JPYUSD,Europe,BankB,46924195.87,Short,260,Spot,2024-08-16,-46924195.87,0.0,100000000
687,CADUSD,Asia,BankC,34706400.39,Short,126,Spot,2024-08-16,-34706400.39,0.0,100000000
688,CADUSD,Europe,BankC,4324015.9,Long,231,Spot,2024-08-17,4324015.9,0.0,100000000
689,AUDUSD,UK,BankA,15747214.78,Long,295,Forward,2024-08-17,15747214.78,0.0,100000000
690,AUDUSD,Americas,BankC,35700432.34,Short,129,Spot,2024-08-17,-35700432.34,0.0,100000000
691,JPYUSD,Americas,BankB,4300179.47,Short,280,Spot,2024-08-18,-4300179.47,0.0,100000000
692,JPYUSD,Americas,BankC,29526352.55,Short,313,Forward,2024-08-18,-29526352.55,0.0,100000000
693,EURUSD,Europe,BankA,17948269.79,Long,100,Swap,2024-08-18,17948269.79,0.0,100000000
694,EURUSD,UK,BankC,31424860.37,Short,326,Spot,2024-08-19,-31424860.37,0.0,100000000
695,AUDUSD,Asia,BankB,3241359.66,Short,297,Spot,2024-08-19,-3241359.66,0.0,100000000
696,AUDUSD,UK,BankB,43705303.5,Short,182,Spot,2024-08-19,-43705303.5,0.0,100000000
697,EURUSD,Asia,BankA,48700959.49,Long,174,Spot,2024-08-20,48700959.49,0.0,100000000
698,EURUSD,Europe,BankC,48475014.91,Short,316,Spot,2024-08-20,-48475014.91,0.0,100000000
699,GBPUSD,Europe,BankC,37732939.76,Short,364,Forward,2024-08-20,-37732939.76,0.0,100000000
700,GBPUSD,Asia,BankC,7374225.77,Long,188,Forward,2024-08-21,7374225.77,0.0,100000000
701,EURUSD,Asia,BankB,38154896.6,Short,57,Forward,2024-08-21,-38154896.6,-30523917.28,100000000
702,GBPUSD,Asia,BankA,2204758.91,Short,31,Spot,2024-08-21,-2204758.91,-1763807.1280000003,100000000
703,CADUSD,UK,BankC,2084054.02,Long,84,Swap,2024-08-22,2084054.02,1667243.216,100000000
704,AUDUSD,Asia,BankB,16856900.74,Short,152,Spot,2024-08-22,-16856900.74,0.0,100000000
705,AUDUSD,Europe,BankB,24943516.33,Long,36,Forward,2024-08-22,24943516.33,19954813.064,100000000
706,EURUSD,Europe,BankB,38749963.47,Long,213,Swap,2024-08-23,38749963.47,0.0,100000000
707,JPYUSD,Americas,BankC,34481473.45,Short,364,Spot,2024-08-23,-34481473.45,0.0,100000000
708,EURUSD,Asia,BankC,22849232.61,Short,106,Spot,2024-08-23,-22849232.61,0.0,100000000
709,GBPUSD,UK,BankC,14407706.65,Short,342,Swap,2024-08-24,-14407706.65,0.0,100000000
710,JPYUSD,UK,BankC,49859100.51,Short,220,Spot,2024-08-24,-49859100.51,0.0,100000000
711,GBPUSD,UK,BankC,21882883.81,Long,163,Forward,2024-08-24,21882883.81,0.0,100000000
712,CADUSD,Americas,BankC,23117964.19,Short,220,Spot,2024-08-25,-23117964.19,0.0,100000000
713,GBPUSD,Europe,BankC,9017567.24,Long,270,Forward,2024-08-25,9017567.24,0.0,100000000
714,CADUSD,UK,BankC,39945667.89,Short,120,Spot,2024-08-25,-39945667.89,0.0,100000000
715,CADUSD,Europe,BankC,34990429.06,Short,336,Spot,2024-08-26,-34990429.06,0.0,100000000
716,GBPUSD,Americas,BankB,11817711.03,Short,182,Forward,2024-08-26,-11817711.03,0.0,100000000
717,GBPUSD,Asia,BankC,5036671.24,Long,106,Spot,2024-08-26,5036671.24,0.0,100000000
718,CADUSD,Asia,BankA,34344465.8,Short,217,Spot,2024-08-27,-34344465.8,0.0,100000000
719,JPYUSD,Asia,BankB,33071049.5,Short,205,Spot,2024-08-27,-33071049.5,0.0,100000000
720,CADUSD,UK,BankC,14389716.82,Short,70,Spot,2024-08-27,-14389716.82,-11511773.456,100000000
721,AUDUSD,Asia,BankA,47592314.55,Short,44,Spot,2024-08-28,-47592314.55,-38073851.64,100000000
722,CADUSD,UK,BankC,8401836.7,Long,329,Spot,2024-08-28,8401836.7,0.0,100000000
723,JPYUSD,Americas,BankA,22184405.25,Short,301,Swap,2024-08-28,-22184405.25,0.0,100000000
724,AUDUSD,Americas,BankA,47237180.09,Long,228,Spot,2024-08-29,47237180.09,0.0,100000000
725,EURUSD,UK,BankA,21566638.53,Long,184,Forward,2024-08-29,21566638.53,0.0,100000000
726,EURUSD,Europe,BankA,32287771.44,Long,107,Spot,2024-08-29,32287771.44,0.0,100000000
727,JPYUSD,Asia,BankB,20482125.5,Long,84,Spot,2024-08-30,20482125.5,16385700.4,100000000
728,CADUSD,Asia,BankB,14436544.92,Long,338,Swap,2024-08-30,14436544.92,0.0,100000000
729,GBPUSD,Asia,BankA,49214904.75,Long,250,Spot,2024-08-30,49214904.75,0.0,100000000
730,JPYUSD,UK,BankC,21057366.31,Short,363,Swap,2024-08-31,-21057366.31,0.0,100000000
731,AUDUSD,Americas,BankA,44810860.98,Long,21,Spot,2024-08-31,44810860.98,35848688.784,100000000
732,AUDUSD,Asia,BankB,12267775.69,Long,196,Forward,2024-08-31,12267775.69,0.0,100000000
733,EURUSD,Americas,BankC,11442130.5,Long,178,Forward,2024-09-01,11442130.5,0.0,100000000
734,AUDUSD,Asia,BankB,2525570.06,Short,7,Swap,2024-09-01,-2525570.06,-2020456.0480000002,100000000
735,JPYUSD,Asia,BankB,32931674.44,Short,70,Forward,2024-09-01,-32931674.44,-26345339.552,100000000
736,AUDUSD,UK,BankC,19057790.84,Long,127,Forward,2024-09-02,19057790.84,0.0,100000000
737,JPYUSD,Europe,BankA,43353554.24,Short,160,Spot,2024-09-02,-43353554.24,0.0,100000000
738,GBPUSD,UK,BankA,24187285.43,Long,248,Spot,2024-09-02,24187285.43,0.0,100000000
739,EURUSD,Asia,BankA,48441477.97,Long,203,Swap,2024-09-03,48441477.97,0.0,100000000
740,AUDUSD,Asia,BankA,10090750.27,Short,148,Spot,2024-09-03,-10090750.27,0.0,100000000
741,JPYUSD,Europe,BankC,43562535.23,Long,143,Spot,2024-09-03,43562535.23,0.0,100000000
742,CADUSD,Americas,BankC,39053245.79,Short,199,Forward,2024-09-04,-39053245.79,0.0,100000000
743,EURUSD,Americas,BankC,38775170.39,Short,154,Spot,2024-09-04,-38775170.39,0.0,100000000
744,GBPUSD,Asia,BankB,42394378.18,Long,142,Swap,2024-09-04,42394378.18,0.0,100000000
745,JPYUSD,Americas,BankC,38290175.56,Long,313,Forward,2024-09-05,38290175.56,0.0,100000000
746,GBPUSD,Asia,BankA,31684795.76,Short,165,Forward,2024-09-05,-31684795.76,0.0,100000000
747,GBPUSD,Europe,BankB,7430999.01,Long,314,Swap,2024-09-05,7430999.01,0.0,100000000
748,AUDUSD,Europe,BankA,2593782.8,Long,21,Spot,2024-09-06,2593782.8,2075026.24,100000000
749,AUDUSD,Asia,BankA,46121544.54,Long,82,Spot,2024-09-06,46121544.54,36897235.632,100000000
750,JPYUSD,Europe,BankC,31215865.41,Short,69,Forward,2024-09-06,-31215865.41,-24972692.328,100000000
751,CADUSD,UK,BankC,40030327.26,Short,131,Spot,2024-09-07,-40030327.26,0.0,100000000
752,JPYUSD,UK,BankA,24594595.22,Long,87,Forward,2024-09-07,24594595.22,19675676.176,100000000
753,CADUSD,Europe,BankA,6748101.26,Short,218,Swap,2024-09-07,-6748101.26,0.0,100000000
754,GBPUSD,Asia,BankB,7134103.82,Short,305,Forward,2024-09-08,-7134103.82,0.0,100000000
755,EURUSD,Asia,BankC,34592699.07,Short,345,Spot,2024-09-08,-34592699.07,0.0,100000000
756,JPYUSD,Europe,BankB,22084988.85,Short,341,Swap,2024-09-08,-22084988.85,0.0,100000000
757,JPYUSD,Americas,BankB,10825711.61,Short,161,Forward,2024-09-09,-10825711.61,0.0,100000000
758,CADUSD,UK,BankB,25088132.79,Long,178,Forward,2024-09-09,25088132.79,0.0,100000000
759,GBPUSD,Americas,BankA,4146237.92,Long,117,Spot,2024-09-09,4146237.92,0.0,100000000
760,GBPUSD,Asia,BankB,29516598.69,Long,196,Swap,2024-09-10,29516598.69,0.0,100000000
761,CADUSD,Asia,BankB,14180676.82,Short,327,Forward,2024-09-10,-14180676.82,0.0,100000000
762,GBPUSD,Americas,BankA,40080395.93,Short,86,Forward,2024-09-10,-40080395.93,-32064316.744000003,100000000
763,AUDUSD,Europe,BankC,16207735.99,Long,289,Swap,2024-09-11,16207735.99,0.0,100000000
764,EURUSD,Americas,BankC,23305787.31,Short,81,Spot,2024-09-11,-23305787.31,-18644629.848,100000000
765,JPYUSD,Americas,BankB,1569406.46,Long,152,Forward,2024-09-11,1569406.46,0.0,100000000
766,EURUSD,UK,BankA,4549897.5,Long,61,Swap,2024-09-12,4549897.5,3639918.0,100000000
767,JPYUSD,UK,BankC,20232184.26,Long,61,Spot,2024-09-12,20232184.26,16185747.408000002,100000000
768,AUDUSD,Americas,BankB,24517002.9,Short,354,Forward,2024-09-12,-24517002.9,0.0,100000000
769,GBPUSD,Americas,BankB,30401006.86,Short,28,Swap,2024-09-13,-30401006.86,-24320805.488,100000000
770,CADUSD,Asia,BankA,15291466.36,Long,43,Forward,2024-09-13,15291466.36,12233173.088,100000000
771,AUDUSD,UK,BankB,35054112.42,Long,169,Forward,2024-09-13,35054112.42,0.0,100000000
772,EURUSD,UK,BankC,43145997.46,Long,86,Swap,2024-09-14,43145997.46,34516797.968,100000000
773,CADUSD,Asia,BankA,39212698.46,Long,177,Swap,2024-09-14,39212698.46,0.0,100000000
774,GBPUSD,Europe,BankC,2941322.44,Short,17,Spot,2024-09-14,-2941322.44,-2353057.952,100000000
775,AUDUSD,UK,BankC,24544840.42,Short,98,Spot,2024-09-15,-24544840.42,0.0,100000000
776,CADUSD,UK,BankC,6141578.74,Long,198,Forward,2024-09-15,6141578.74,0.0,100000000
777,AUDUSD,Europe,BankB,12860205.78,Long,98,Forward,2024-09-15,12860205.78,0.0,100000000
778,AUDUSD,UK,BankB,49346467.07,Short,65,Forward,2024-09-16,-49346467.07,-39477173.656,100000000
779,GBPUSD,UK,BankC,7982281.6,Short,330,Forward,2024-09-16,-7982281.6,0.0,100000000
780,JPYUSD,Europe,BankC,25445519.52,Long,341,Spot,2024-09-16,25445519.52,0.0,100000000
781,CADUSD,Europe,BankA,31289630.98,Long,5,Forward,2024-09-17,31289630.98,25031704.784,100000000
782,GBPUSD,Americas,BankA,35420783.56,Long,2,Spot,2024-09-17,35420783.56,28336626.848000005,100000000
783,AUDUSD,Asia,BankB,28422785.49,Short,22,Forward,2024-09-17,-28422785.49,-22738228.392,100000000
784,GBPUSD,Asia,BankB,1478771.52,Short,112,Forward,2024-09-18,-1478771.52,0.0,100000000
785,JPYUSD,Europe,BankA,16996604.1,Short,57,Spot,2024-09-18,-16996604.1,-13597283.280000001,100000000
786,CADUSD,Europe,BankC,26367870.53,Long,66,Spot,2024-09-18,26367870.53,21094296.424000002,100000000
787,JPYUSD,UK,BankB,5305458.46,Long,330,Forward,2024-09-19,5305458.46,0.0,100000000
788,EURUSD,Americas,BankC,18180719.63,Short,98,Forward,2024-09-19,-18180719.63,0.0,100000000
789,CADUSD,Americas,BankA,2626952.33,Short,144,Spot,2024-09-19,-2626952.33,0.0,100000000
790,JPYUSD,Europe,BankB,4850346.36,Long,125,Swap,2024-09-20,4850346.36,0.0,100000000
791,AUDUSD,UK,BankB,20449240.53,Short,167,Forward,2024-09-20,-20449240.53,0.0,100000000
792,CADUSD,UK,BankA,7503071.95,Short,86,Swap,2024-09-20,-7503071.95,-6002457.5600000005,100000000
793,CADUSD,Asia,BankB,28809501.56,Long,76,Forward,2024-09-21,28809501.56,23047601.248,100000000
794,GBPUSD,Asia,BankA,34783783.49,Short,344,Forward,2024-09-21,-34783783.49,0.0,100000000
795,AUDUSD,UK,BankB,40228748.26,Long,294,Swap,2024-09-21,40228748.26,0.0,100000000
796,EURUSD,Asia,BankA,10807361.97,Long,59,Forward,2024-09-22,10807361.97,8645889.576000001,100000000
797,JPYUSD,Europe,BankB,9206646.53,Long,138,Forward,2024-09-22,9206646.53,0.0,100000000
798,GBPUSD,UK,BankC,6123824.18,Long,99,Spot,2024-09-22,6123824.18,0.0,100000000
799,JPYUSD,Asia,BankC,32185082.23,Long,192,Forward,2024-09-23,32185082.23,0.0,100000000
800,EURUSD,Americas,BankC,35617310.6,Long,243,Spot,2024-09-23,35617310.6,0.0,100000000
801,EURUSD,UK,BankB,2547721.1,Long,319,Spot,2024-09-23,2547721.1,0.0,100000000
802,CADUSD,UK,BankB,46874400.07,Short,49,Spot,2024-09-24,-46874400.07,-37499520.056,100000000
803,EURUSD,Americas,BankC,3546592.9,Long,32,Spot,2024-09-24,3546592.9,2837274.3200000003,100000000
804,JPYUSD,Europe,BankC,27523520.43,Long,277,Swap,2024-09-24,27523520.43,0.0,100000000
805,AUDUSD,Americas,BankA,35743965.45,Short,20,Spot,2024-09-25,-35743965.45,-28595172.360000003,100000000
806,AUDUSD,UK,BankA,43677487.06,Short,154,Forward,2024-09-25,-43677487.06,0.0,100000000
807,CADUSD,Europe,BankA,35990259.67,Short,68,Swap,2024-09-25,-35990259.67,-28792207.736,100000000
808,JPYUSD,Asia,BankC,40284676.07,Long,214,Forward,2024-09-26,40284676.07,0.0,100000000
809,JPYUSD,Asia,BankC,17633059.43,Short,143,Spot,2024-09-26,-17633059.43,0.0,100000000
810,EURUSD,Asia,BankC,40926430.57,Long,232,Forward,2024-09-26,40926430.57,0.0,100000000
811,JPYUSD,UK,BankA,4925627.47,Long,213,Forward,2024-09-27,4925627.47,0.0,100000000
812,GBPUSD,Americas,BankB,44846016.15,Long,79,Forward,2024-09-27,44846016.15,35876812.92,100000000
813,EURUSD,Europe,BankC,27832026.43,Long,214,Forward,2024-09-27,27832026.43,0.0,100000000
814,GBPUSD,Asia,BankB,41047590.73,Short,116,Swap,2024-09-28,-41047590.73,0.0,100000000
815,CADUSD,Europe,BankB,23163595.94,Short,92,Forward,2024-09-28,-23163595.94,0.0,100000000
816,AUDUSD,UK,BankB,32535307.06,Long,270,Spot,2024-09-28,32535307.06,0.0,100000000
817,CADUSD,Asia,BankA,26793730.39,Long,168,Forward,2024-09-29,26793730.39,0.0,100000000
818,AUDUSD,UK,BankB,36847886.57,Long,58,Spot,2024-09-29,36847886.57,29478309.256,100000000
819,CADUSD,Americas,BankC,4999869.12,Short,284,Swap,2024-09-29,-4999869.12,0.0,100000000
820,JPYUSD,UK,BankA,3957252.12,Long,26,Spot,2024-09-30,3957252.12,3165801.6960000005,100000000
821,GBPUSD,UK,BankC,13108058.47,Long,66,Spot,2024-09-30,13108058.47,10486446.776,100000000
822,AUDUSD,Americas,BankC,8817689.33,Short,248,Swap,2024-09-30,-8817689.33,0.0,100000000
823,EURUSD,Europe,BankA,43717394.76,Short,254,Forward,2024-10-01,-43717394.76,0.0,100000000
824,GBPUSD,Americas,BankC,11741485.38,Long,44,Spot,2024-10-01,11741485.38,9393188.304000001,100000000
825,EURUSD,Americas,BankC,48817397.54,Short,97,Forward,2024-10-01,-48817397.54,0.0,100000000
826,GBPUSD,UK,BankA,17507893.8,Short,42,Swap,2024-10-02,-17507893.8,-14006315.040000001,100000000
827,GBPUSD,Europe,BankC,9923777.87,Long,227,Spot,2024-10-02,9923777.87,0.0,100000000
828,CADUSD,Asia,BankB,39695226.85,Short,262,Swap,2024-10-02,-39695226.85,0.0,100000000
829,AUDUSD,Americas,BankC,33276681.0,Long,167,Spot,2024-10-03,33276681.0,0.0,100000000
830,AUDUSD,Europe,BankB,25411590.11,Short,279,Forward,2024-10-03,-25411590.11,0.0,100000000
831,GBPUSD,Americas,BankC,28212814.0,Long,89,Swap,2024-10-03,28212814.0,22570251.200000003,100000000
832,JPYUSD,Americas,BankA,36240887.14,Long,178,Spot,2024-10-04,36240887.14,0.0,100000000
833,JPYUSD,Americas,BankA,12194282.33,Long,197,Forward,2024-10-04,12194282.33,0.0,100000000
834,EURUSD,Americas,BankC,49820361.89,Short,307,Spot,2024-10-04,-49820361.89,0.0,100000000
835,EURUSD,UK,BankA,48764864.95,Long,267,Forward,2024-10-05,48764864.95,0.0,100000000
836,CADUSD,Europe,BankC,32865958.63,Short,268,Forward,2024-10-05,-32865958.63,0.0,100000000
837,GBPUSD,Europe,BankA,10777580.1,Long,74,Forward,2024-10-05,10777580.1,8622064.08,100000000
838,EURUSD,Europe,BankB,34331183.88,Long,8,Spot,2024-10-06,34331183.88,27464947.104000002,100000000
839,EURUSD,Americas,BankC,4537722.04,Short,297,Spot,2024-10-06,-4537722.04,0.0,100000000
840,GBPUSD,UK,BankB,2501972.61,Long,164,Spot,2024-10-06,2501972.61,0.0,100000000
841,CADUSD,Americas,BankB,13626461.54,Long,85,Spot,2024-10-07,13626461.54,10901169.232,100000000
842,EURUSD,Americas,BankC,23668524.88,Short,72,Forward,2024-10-07,-23668524.88,-18934819.904,100000000
843,CADUSD,Europe,BankB,43545352.77,Long,55,Swap,2024-10-07,43545352.77,34836282.216000006,100000000
844,AUDUSD,Americas,BankC,36631284.42,Long,47,Forward,2024-10-08,36631284.42,29305027.536000002,100000000
845,CADUSD,Asia,BankB,37392619.54,Long,238,Forward,2024-10-08,37392619.54,0.0,100000000
846,JPYUSD,Americas,BankC,21849173.39,Long,104,Swap,2024-10-08,21849173.39,0.0,100000000
847,JPYUSD,Asia,BankC,17950814.63,Short,210,Forward,2024-10-09,-17950814.63,0.0,100000000
848,CADUSD,Americas,BankA,19180899.39,Short,42,Swap,2024-10-09,-19180899.39,-15344719.512000002,100000000
849,JPYUSD,UK,BankC,49394828.62,Long,316,Forward,2024-10-09,49394828.62,0.0,100000000
850,AUDUSD,UK,BankC,2965350.38,Short,268,Spot,2024-10-10,-2965350.38,0.0,100000000
851,GBPUSD,Europe,BankB,43484543.31,Long,263,Spot,2024-10-10,43484543.31,0.0,100000000
852,JPYUSD,Americas,BankC,29355095.02,Short,336,Forward,2024-10-10,-29355095.02,0.0,100000000
853,JPYUSD,Asia,BankA,22492155.54,Long,259,Spot,2024-10-11,22492155.54,0.0,100000000
854,CADUSD,Asia,BankB,36537625.36,Long,283,Spot,2024-10-11,36537625.36,0.0,100000000
855,AUDUSD,Americas,BankB,24846778.13,Long,114,Forward,2024-10-11,24846778.13,0.0,100000000
856,GBPUSD,Asia,BankA,43797738.67,Long,363,Forward,2024-10-12,43797738.67,0.0,100000000
857,CADUSD,UK,BankB,45134391.34,Long,40,Forward,2024-10-12,45134391.34,36107513.072000004,100000000
858,CADUSD,Asia,BankB,21664325.42,Long,220,Spot,2024-10-12,21664325.42,0.0,100000000
859,AUDUSD,Europe,BankB,14564562.06,Short,129,Spot,2024-10-13,-14564562.06,0.0,100000000
860,GBPUSD,UK,BankB,30025166.1,Long,8,Forward,2024-10-13,30025166.1,24020132.880000003,100000000
861,AUDUSD,UK,BankA,45705803.94,Short,101,Swap,2024-10-13,-45705803.94,0.0,100000000
862,GBPUSD,UK,BankA,11322447.26,Long,176,Forward,2024-10-14,11322447.26,0.0,100000000
863,AUDUSD,Americas,BankB,31525362.59,Short,107,Swap,2024-10-14,-31525362.59,0.0,100000000
864,CADUSD,Americas,BankB,31946450.78,Short,101,Forward,2024-10-14,-31946450.78,0.0,100000000
865,CADUSD,UK,BankA,36922538.1,Short,260,Forward,2024-10-15,-36922538.1,0.0,100000000
866,EURUSD,Americas,BankA,7446816.57,Long,246,Spot,2024-10-15,7446816.57,0.0,100000000
867,JPYUSD,Asia,BankA,36075423.27,Long,275,Forward,2024-10-15,36075423.27,0.0,100000000
868,AUDUSD,Americas,BankB,45542593.51,Short,32,Forward,2024-10-16,-45542593.51,-36434074.808,100000000
869,EURUSD,Americas,BankB,9804472.33,Long,137,Forward,2024-10-16,9804472.33,0.0,100000000
870,JPYUSD,UK,BankC,12639622.92,Short,12,Forward,2024-10-16,-12639622.92,-10111698.336000001,100000000
871,AUDUSD,Europe,BankA,48598359.61,Long,302,Forward,2024-10-17,48598359.61,0.0,100000000
872,GBPUSD,Europe,BankB,9867870.68,Short,16,Spot,2024-10-17,-9867870.68,-7894296.544,100000000
873,JPYUSD,Europe,BankA,42864869.58,Short,129,Forward,2024-10-17,-42864869.58,0.0,100000000
874,CADUSD,Asia,BankB,25121614.97,Long,63,Spot,2024-10-18,25121614.97,20097291.976,100000000
875,EURUSD,Americas,BankA,13114322.65,Short,109,Swap,2024-10-18,-13114322.65,0.0,100000000
876,JPYUSD,Europe,BankB,43666745.16,Long,21,Spot,2024-10-18,43666745.16,34933396.128,100000000
877,JPYUSD,UK,BankC,22819957.5,Short,158,Spot,2024-10-19,-22819957.5,0.0,100000000
878,CADUSD,Europe,BankC,26226050.34,Short,269,Forward,2024-10-19,-26226050.34,0.0,100000000
879,AUDUSD,Europe,BankA,18602435.1,Long,162,Forward,2024-10-19,18602435.1,0.0,100000000
880,GBPUSD,Americas,BankB,30054591.72,Long,260,Forward,2024-10-20,30054591.72,0.0,100000000
881,CADUSD,Americas,BankB,9012669.76,Long,102,Spot,2024-10-20,9012669.76,0.0,100000000
882,GBPUSD,Americas,BankA,20162995.3,Short,223,Forward,2024-10-20,-20162995.3,0.0,100000000
883,AUDUSD,Asia,BankB,48501203.79,Long,59,Spot,2024-10-21,48501203.79,38800963.032,100000000
884,JPYUSD,Asia,BankA,13648538.2,Short,247,Swap,2024-10-21,-13648538.2,0.0,100000000
885,GBPUSD,Europe,BankB,33180096.56,Short,128,Swap,2024-10-21,-33180096.56,0.0,100000000
886,EURUSD,Americas,BankA,16934313.15,Long,283,Forward,2024-10-22,16934313.15,0.0,100000000
887,EURUSD,Europe,BankB,38900183.16,Long,325,Spot,2024-10-22,38900183.16,0.0,100000000
888,CADUSD,UK,BankA,7412809.38,Short,25,Forward,2024-10-22,-7412809.38,-5930247.504000001,100000000
889,AUDUSD,UK,BankB,48521231.21,Short,131,Spot,2024-10-23,-48521231.21,0.0,100000000
890,CADUSD,Americas,BankC,23235687.53,Long,353,Forward,2024-10-23,23235687.53,0.0,100000000
891,CADUSD,Americas,BankB,12566472.7,Long,196,Spot,2024-10-23,12566472.7,0.0,100000000
892,CADUSD,UK,BankA,4601340.62,Long,281,Swap,2024-10-24,4601340.62,0.0,100000000
893,EURUSD,Americas,BankC,9318137.35,Long,154,Spot,2024-10-24,9318137.35,0.0,100000000
894,EURUSD,Asia,BankB,26468923.48,Long,133,Forward,2024-10-24,26468923.48,0.0,100000000
895,CADUSD,Asia,BankC,17513155.65,Short,227,Forward,2024-10-25,-17513155.65,0.0,100000000
896,EURUSD,Americas,BankB,41615284.93,Short,189,Forward,2024-10-25,-41615284.93,0.0,100000000
897,AUDUSD,UK,BankC,22113488.66,Short,265,Spot,2024-10-25,-22113488.66,0.0,100000000
898,CADUSD,Europe,BankA,13186999.36,Short,134,Swap,2024-10-26,-13186999.36,0.0,100000000
899,EURUSD,Americas,BankB,31240104.34,Long,211,Forward,2024-10-26,31240104.34,0.0,100000000
900,GBPUSD,Americas,BankB,35632083.63,Long,60,Forward,2024-10-26,35632083.63,28505666.904000003,100000000
901,CADUSD,Europe,BankA,9185053.49,Long,364,Spot,2024-10-27,9185053.49,0.0,100000000
902,CADUSD,Americas,BankC,9213341.6,Short,364,Forward,2024-10-27,-9213341.6,0.0,100000000
903,AUDUSD,Europe,BankA,2796899.92,Short,213,Forward,2024-10-27,-2796899.92,0.0,100000000
904,JPYUSD,UK,BankA,37083698.74,Long,216,Spot,2024-10-28,37083698.74,0.0,100000000
905,JPYUSD,Asia,BankC,33526421.85,Long,226,Spot,2024-10-28,33526421.85,0.0,100000000
906,AUDUSD,UK,BankA,24256912.91,Short,131,Swap,2024-10-28,-24256912.91,0.0,100000000
907,AUDUSD,Asia,BankB,42364352.0,Short,76,Spot,2024-10-29,-42364352.0,-33891481.6,100000000
908,AUDUSD,Europe,BankB,40477837.49,Long,286,Spot,2024-10-29,40477837.49,0.0,100000000
909,JPYUSD,Asia,BankB,29682363.86,Long,277,Forward,2024-10-29,29682363.86,0.0,100000000
910,AUDUSD,UK,BankA,43545292.75,Short,156,Forward,2024-10-30,-43545292.75,0.0,100000000
911,EURUSD,Asia,BankB,11086219.29,Long,248,Spot,2024-10-30,11086219.29,0.0,100000000
912,CADUSD,Europe,BankB,6484061.35,Long,218,Forward,2024-10-30,6484061.35,0.0,100000000
913,CADUSD,Asia,BankB,14217730.96,Long,190,Spot,2024-10-31,14217730.96,0.0,100000000
914,GBPUSD,Americas,BankB,3797255.95,Short,163,Spot,2024-10-31,-3797255.95,0.0,100000000
915,GBPUSD,UK,BankB,27027306.87,Short,180,Spot,2024-10-31,-27027306.87,0.0,100000000
916,CADUSD,Americas,BankB,46893678.92,Short,34,Swap,2024-11-01,-46893678.92,-37514943.136,100000000
917,EURUSD,Europe,BankA,2927833.49,Short,41,Spot,2024-11-01,-2927833.49,-2342266.7920000004,100000000
918,JPYUSD,Asia,BankB,6983385.79,Short,307,Spot,2024-11-01,-6983385.79,0.0,100000000
919,JPYUSD,Americas,BankB,23157752.39,Short,338,Forward,2024-11-02,-23157752.39,0.0,100000000
920,EURUSD,Americas,BankC,46759875.86,Short,314,Swap,2024-11-02,-46759875.86,0.0,100000000
921,JPYUSD,Asia,BankA,16491649.14,Long,75,Spot,2024-11-02,16491649.14,13193319.312,100000000
922,AUDUSD,Asia,BankA,25854505.63,Long,279,Forward,2024-11-03,25854505.63,0.0,100000000
923,CADUSD,UK,BankA,3037070.09,Long,176,Spot,2024-11-03,3037070.09,0.0,100000000
924,CADUSD,Americas,BankA,8268816.85,Long,150,Forward,2024-11-03,8268816.85,0.0,100000000
925,EURUSD,Americas,BankB,49344876.02,Long,273,Forward,2024-11-04,49344876.02,0.0,100000000
926,JPYUSD,Europe,BankB,48290816.13,Long,325,Forward,2024-11-04,48290816.13,0.0,100000000
927,GBPUSD,UK,BankC,1242059.07,Long,108,Spot,2024-11-04,1242059.07,0.0,100000000
928,GBPUSD,Europe,BankC,47638777.49,Short,139,Spot,2024-11-05,-47638777.49,0.0,100000000
929,JPYUSD,Americas,BankA,32316876.95,Short,350,Spot,2024-11-05,-32316876.95,0.0,100000000
930,GBPUSD,Europe,BankC,43527996.43,Long,271,Spot,2024-11-05,43527996.43,0.0,100000000
931,EURUSD,Americas,BankC,23282252.93,Long,347,Spot,2024-11-06,23282252.93,0.0,100000000
932,EURUSD,Americas,BankA,26264205.4,Short,289,Forward,2024-11-06,-26264205.4,0.0,100000000
933,JPYUSD,Europe,BankA,24953482.43,Long,212,Swap,2024-11-06,24953482.43,0.0,100000000
934,GBPUSD,Europe,BankC,33676348.62,Long,272,Swap,2024-11-07,33676348.62,0.0,100000000
935,EURUSD,Asia,BankB,7842911.48,Short,66,Swap,2024-11-07,-7842911.48,-6274329.184,100000000
936,EURUSD,Asia,BankC,2468705.9,Long,248,Forward,2024-11-07,2468705.9,0.0,100000000
937,AUDUSD,Asia,BankC,16088567.14,Short,156,Forward,2024-11-08,-16088567.14,0.0,100000000
938,AUDUSD,Americas,BankB,35529357.37,Long,47,Spot,2024-11-08,35529357.37,28423485.895999998,100000000
939,EURUSD,Europe,BankB,10890819.15,Short,201,Forward,2024-11-08,-10890819.15,0.0,100000000
940,JPYUSD,UK,BankA,33998189.23,Short,148,Forward,2024-11-09,-33998189.23,0.0,100000000
941,CADUSD,Americas,BankA,48525690.26,Short,124,Forward,2024-11-09,-48525690.26,0.0,100000000
942,CADUSD,UK,BankC,5601135.07,Long,1,Forward,2024-11-09,5601135.07,4480908.056000001,100000000
943,EURUSD,Europe,BankB,33957503.79,Short,247,Spot,2024-11-10,-33957503.79,0.0,100000000
944,EURUSD,Americas,BankA,22743760.75,Long,343,Spot,2024-11-10,22743760.75,0.0,100000000
945,EURUSD,UK,BankC,43538970.46,Long,128,Swap,2024-11-10,43538970.46,0.0,100000000
946,JPYUSD,UK,BankB,9680339.68,Long,191,Spot,2024-11-11,9680339.68,0.0,100000000
947,AUDUSD,Asia,BankC,34938671.66,Long,67,Forward,2024-11-11,34938671.66,27950937.327999998,100000000
948,EURUSD,Asia,BankA,42067649.19,Short,4,Swap,2024-11-11,-42067649.19,-33654119.352,100000000
949,EURUSD,Asia,BankA,47286096.75,Short,303,Forward,2024-11-12,-47286096.75,0.0,100000000
950,GBPUSD,Americas,BankB,34479153.39,Long,294,Forward,2024-11-12,34479153.39,0.0,100000000
951,JPYUSD,Europe,BankC,25361563.44,Long,143,Spot,2024-11-12,25361563.44,0.0,100000000
952,EURUSD,Europe,BankB,31274514.77,Short,191,Spot,2024-11-13,-31274514.77,0.0,100000000
953,GBPUSD,Asia,BankA,43576344.24,Long,21,Swap,2024-11-13,43576344.24,34861075.392000005,100000000
954,CADUSD,Asia,BankA,28959877.59,Short,227,Forward,2024-11-13,-28959877.59,0.0,100000000
955,EURUSD,Asia,BankC,2488965.93,Long,313,Forward,2024-11-14,2488965.93,0.0,100000000
956,EURUSD,UK,BankC,46616486.08,Long,117,Spot,2024-11-14,46616486.08,0.0,100000000
957,GBPUSD,Asia,BankC,34786810.8,Short,302,Spot,2024-11-14,-34786810.8,0.0,100000000
958,JPYUSD,UK,BankB,34149155.9,Long,142,Swap,2024-11-15,34149155.9,0.0,100000000
959,EURUSD,Europe,BankC,11568082.47,Short,39,Spot,2024-11-15,-11568082.47,-9254465.976000002,100000000
960,CADUSD,Americas,BankC,33285388.04,Long,355,Forward,2024-11-15,33285388.04,0.0,100000000
961,EURUSD,Americas,BankA,20299355.88,Long,252,Spot,2024-11-16,20299355.88,0.0,100000000
962,CADUSD,Americas,BankA,32910415.88,Long,333,Forward,2024-11-16,32910415.88,0.0,100000000
963,AUDUSD,Americas,BankC,6223058.49,Short,207,Swap,2024-11-16,-6223058.49,0.0,100000000
964,AUDUSD,UK,BankC,33234419.93,Long,210,Forward,2024-11-17,33234419.93,0.0,100000000
965,CADUSD,UK,BankA,49971272.56,Long,115,Spot,2024-11-17,49971272.56,0.0,100000000
966,JPYUSD,Asia,BankC,3362389.9,Long,225,Forward,2024-11-17,3362389.9,0.0,100000000
967,EURUSD,UK,BankB,48881535.03,Long,134,Forward,2024-11-18,48881535.03,0.0,100000000
968,EURUSD,Asia,BankB,20938490.08,Short,251,Forward,2024-11-18,-20938490.08,0.0,100000000
969,AUDUSD,Asia,BankB,43666919.07,Short,219,Swap,2024-11-18,-43666919.07,0.0,100000000
970,CADUSD,Americas,BankC,39336888.72,Long,91,Forward,2024-11-19,39336888.72,0.0,100000000
971,EURUSD,UK,BankA,28783796.79,Short,354,Swap,2024-11-19,-28783796.79,0.0,100000000
972,EURUSD,UK,BankC,37184011.25,Long,46,Forward,2024-11-19,37184011.25,29747209.0,100000000
973,JPYUSD,Asia,BankC,44047262.5,Long,38,Spot,2024-11-20,44047262.5,35237810.0,100000000
974,GBPUSD,Asia,BankA,20802875.76,Long,142,Spot,2024-11-20,20802875.76,0.0,100000000
975,AUDUSD,Europe,BankA,17024624.92,Short,100,Spot,2024-11-20,-17024624.92,0.0,100000000
976,AUDUSD,Europe,BankA,33712075.89,Short,328,Swap,2024-11-21,-33712075.89,0.0,100000000
977,GBPUSD,Asia,BankB,40584451.16,Short,190,Forward,2024-11-21,-40584451.16,0.0,100000000
978,EURUSD,Europe,BankC,38351971.6,Short,35,Forward,2024-11-21,-38351971.6,-30681577.28,100000000
979,JPYUSD,Europe,BankA,40092868.79,Short,147,Spot,2024-11-22,-40092868.79,0.0,100000000
980,JPYUSD,Asia,BankC,22343582.43,Short,30,Spot,2024-11-22,-22343582.43,-17874865.944000002,100000000
981,AUDUSD,Asia,BankB,41073876.59,Short,334,Forward,2024-11-22,-41073876.59,0.0,100000000
982,JPYUSD,UK,BankB,6890243.71,Short,84,Forward,2024-11-23,-6890243.71,-5512194.968,100000000
983,GBPUSD,Asia,BankA,27679965.8,Short,281,Spot,2024-11-23,-27679965.8,0.0,100000000
984,EURUSD,Asia,BankA,1282174.36,Long,344,Forward,2024-11-23,1282174.36,0.0,100000000
985,GBPUSD,Americas,BankC,16904705.67,Short,270,Spot,2024-11-24,-16904705.67,0.0,100000000
986,CADUSD,UK,BankA,18956615.21,Short,154,Spot,2024-11-24,-18956615.21,0.0,100000000
987,AUDUSD,UK,BankC,20412461.89,Short,102,Forward,2024-11-24,-20412461.89,0.0,100000000
988,JPYUSD,UK,BankA,35077893.13,Short,215,Spot,2024-11-25,-35077893.13,0.0,100000000
989,CADUSD,Americas,BankC,20039346.96,Short,150,Swap,2024-11-25,-20039346.96,0.0,100000000
990,JPYUSD,Asia,BankC,22985987.51,Short,83,Spot,2024-11-25,-22985987.51,-18388790.008,100000000
991,EURUSD,UK,BankC,12639662.41,Short,110,Spot,2024-11-26,-12639662.41,0.0,100000000
992,EURUSD,UK,BankC,19289337.79,Short,275,Spot,2024-11-26,-19289337.79,0.0,100000000
993,EURUSD,Europe,BankB,12136211.74,Short,201,Forward,2024-11-26,-12136211.74,0.0,100000000
994,JPYUSD,UK,BankC,4586600.26,Short,284,Forward,2024-11-27,-4586600.26,0.0,100000000
995,CADUSD,Asia,BankA,30568981.08,Short,173,Forward,2024-11-27,-30568981.08,0.0,100000000
996,EURUSD,Asia,BankB,33742427.13,Long,327,Spot,2024-11-27,33742427.13,0.0,100000000
997,CADUSD,Europe,BankB,31355026.95,Long,206,Spot,2024-11-28,31355026.95,0.0,100000000
998,JPYUSD,UK,BankC,23711208.15,Short,63,Forward,2024-11-28,-23711208.15,-18968966.52,100000000
999,CADUSD,UK,BankB,19609503.23,Short,73,Swap,2024-11-28,-19609503.23,-15687602.584,100000000
1000,JPYUSD,UK,BankC,43303348.83,Long,251,Swap,2024-11-29,43303348.83,0.0,100000000
